Soil Moisture,Temperature, Soil Humidity,Air temperature (C),Air humidity (%),Pressure (KPa),rainfall,Status
54,22,70,19.52,55.04,101.5,202.9355362,ON
12,20,40,19.49,55.17,101.5,226.6555374,OFF
34,26,35,19.47,55.3,101.51,263.9642476,ON
7,44,44,19.54,54.2,101.51,242.8640342,OFF
50,38,23,19.61,53.09,101.51,262.7173405,OFF
4,26,52,19.67,51.91,101.51,251.0549998,ON
15,34,58,19.74,50.72,101.5,271.3248604,ON
45,30,43,19.8,49.54,101.5,241.9741949,ON
47,4,42,19.91,47.7,101.5,230.4462359,OFF
19,41,22,20.02,45.86,101.5,221.2091958,ON
63,44,65,20.1,44.76,101.5,264.6148697,ON
88,34,41,20.19,43.67,101.49,250.0832336,ON
39,20,70,20.3,42.56,101.49,284.4364567,ON
65,43,44,20.41,41.44,101.49,185.2773389,OFF
50,27,50,20.41,41.58,101.48,209.5869708,ON
39,22,48,20.41,41.71,101.48,231.0863347,ON
18,33,44,20.61,40.34,101.48,276.6552459,ON
66,43,35,20.81,38.96,101.48,206.2611855,ON
68,25,59,20.93,37.33,101.48,224.5550169,ON
20,36,53,21.06,35.69,101.48,291.2986618,ON
40,17,35,21.18,34.06,101.47,185.4974732,ON
2,34,64,21.3,32.42,101.47,231.3843163,OFF
22,35,32,21.35,31.07,101.46,213.3560921,OFF
1,19,70,21.4,29.72,101.46,233.1075816,ON
5,23,27,21.44,28.38,101.46,224.0581164,ON
10,28,30,21.49,27.03,101.45,257.0038865,ON
25,13,66,21.56,26.62,101.44,271.3586137,ON
20,45,61,21.62,26.22,101.43,260.2634026,ON
40,29,39,21.66,25.72,101.42,240.0810647,OFF
26,13,70,21.69,25.21,101.41,197.9791215,ON
71,6,59,21.48,25.8,101.4,272.2017204,OFF
37,21,24,21.28,26.39,101.4,200.0882787,ON
76,12,47,21.3,25.53,101.39,224.6757231,OFF
44,24,45,21.32,24.67,101.38,270.4417274,ON
24,8,47,21.28,24.32,101.38,233.1321372,OFF
70,6,63,21.24,23.96,101.37,193.3473987,OFF
32,23,28,21.2,23.81,101.36,272.2999056,OFF
44,24,39,21.16,23.66,101.36,285.2493645,ON
4,45,49,21.13,23.5,101.35,298.4018471,ON
63,40,48,21.09,23.35,101.35,257.0343554,ON
49,29,55,21.1,23.09,101.35,248.7183228,ON
26,32,70,21.11,22.84,101.34,209.9001977,ON
58,32,38,21.12,22.58,101.34,200.834898,OFF
45,0,69,21.13,22.32,101.34,298.5601175,OFF
37,7,32,20.94,22.58,101.34,265.5355937,ON
16,44,57,20.76,22.83,101.34,183.6793207,OFF
75,2,31,20.56,23.4,101.34,196.9560008,OFF
82,16,62,20.36,23.97,101.34,233.0453455,OFF
72,28,21,20.15,24.54,101.33,210.8142087,OFF
53,1,51,19.95,25.11,101.33,253.7202781,OFF
13,24,48,19.71,26.29,101.34,219.9048349,OFF
41,18,34,19.47,27.47,101.34,208.5810155,ON
53,2,30,19.32,27.99,101.34,195.0948311,OFF
76,14,48,19.18,28.51,101.34,227.3637009,OFF
9,36,37,19.21,28.64,101.34,286.5083725,OFF
66,1,56,19.24,28.77,101.34,283.9338466,OFF
12,16,25,19.17,29.56,101.34,217.3788583,OFF
29,10,67,19.1,30.36,101.33,267.9761948,ON
37,34,57,19.02,31.01,101.33,191.9535738,ON
8,28,67,18.93,31.66,101.33,277.9626192,ON
55,1,68,18.74,31.96,101.33,245.1511304,ON
9,1,32,18.55,32.25,101.33,245.6626799,OFF
41,27,23,18.63,31.86,101.33,279.5451717,ON
31,8,33,18.71,31.47,101.33,202.3838319,ON
80,38,52,18.87,30.63,101.34,263.6372176,OFF
7,27,59,19.03,29.79,101.34,182.5616319,OFF
13,4,41,19.02,29.64,101.34,198.6730942,ON
42,18,36,19,29.5,101.35,243.5120414,ON
72,21,26,19.04,29.16,101.35,263.1103304,OFF
21,33,21,19.07,28.81,101.35,269.5039162,ON
14,4,51,19.11,28.47,101.35,204.8001847,ON
16,19,51,19.11,28.2,101.35,260.8875056,ON
11,9,26,19.1,27.92,101.36,295.6094492,OFF
7,17,52,19.1,27.65,101.36,192.3197536,OFF
56,3,64,19.1,27.38,101.37,257.4914906,ON
42,19,55,18.87,27.66,101.37,278.0791793,ON
78,41,70,18.64,27.93,101.37,280.4044392,ON
16,37,48,18.48,28.11,101.36,185.9461429,ON
87,14,21,18.31,28.29,101.36,194.5766559,OFF
22,22,55,18.46,27.32,101.36,200.9133156,OFF
77,41,47,18.62,26.36,101.37,182.9043504,ON
45,31,65,18.72,25.4,101.38,195.3574542,ON
84,39,50,18.81,24.45,101.38,223.3671883,OFF
12,3,43,19.04,23.14,101.38,186.7536773,ON
17,40,57,19.27,21.83,101.39,220.1156708,ON
12,35,34,19.36,21.06,101.4,231.7364957,ON
6,40,44,19.45,20.29,101.41,242.3170629,OFF
21,4,48,19.42,20.58,101.42,182.6549356,ON
71,41,49,19.38,20.88,101.43,233.7034975,OFF
17,27,40,19.33,21.33,101.44,230.2242223,ON
67,24,31,19.28,21.78,101.44,290.6793783,OFF
34,24,63,19.24,22.22,101.44,241.2013513,OFF
68,13,57,19.19,22.67,101.45,218.9163567,OFF
52,3,35,19.26,22.7,101.46,248.2256491,OFF
80,18,24,19.32,22.74,101.46,256.9964761,OFF
11,11,29,19.6,22.42,101.46,194.2651719,ON
63,27,26,19.89,22.11,101.46,295.9248796,OFF
88,43,58,20.28,22.04,101.46,287.5766935,ON
79,21,58,20.68,21.97,101.47,183.6222657,OFF
2,37,30,21.21,21.44,101.48,188.413665,ON
49,33,61,21.74,20.9,101.49,87.75953857,ON
64,27,58,22.44,20.58,101.49,102.2662445,OFF
71,36,25,23.13,20.27,101.49,66.71995467,ON
51,27,66,23.76,19.5,101.49,60.65171481,ON
67,26,60,24.4,18.73,101.5,65.43835393,OFF
12,0,63,25.04,17.96,101.5,102.0861694,OFF
67,3,44,25.67,17.2,101.51,105.4654703,OFF
54,31,49,26.3,16.43,101.52,78.06639649,ON
49,33,31,26.94,15.66,101.52,65.27798457,ON
24,29,34,27.38,14.2,101.52,109.2162279,ON
27,18,38,27.83,12.75,101.52,94.29712821,ON
50,35,20,28.14,12.24,101.52,74.05474936,ON
51,26,32,28.46,11.74,101.53,63.87020584,ON
38,26,34,28.94,11.29,101.54,94.76189431,ON
23,45,50,29.42,10.84,101.55,72.12375573,OFF
27,29,60,29.82,10.43,101.55,63.72358154,ON
72,39,21,30.22,10.02,101.55,104.1626147,ON
89,19,38,30.54,9.84,101.55,76.68456006,OFF
36,28,55,30.86,9.65,101.55,65.49730729,ON
4,5,45,31.27,9.33,101.56,84.23613484,ON
21,37,48,31.69,9.01,101.56,79.74078719,ON
8,37,58,32.1,8.7,101.56,88.07753741,OFF
5,27,28,32.51,8.38,101.57,80.97573281,ON
1,10,56,32.93,8.06,101.58,79.7532896,ON
2,40,43,33.34,7.74,101.58,74.51490791,ON
63,35,30,33.28,7.15,101.58,96.46380213,OFF
17,39,38,33.23,6.56,101.59,102.8301942,ON
33,19,26,33.62,6.36,101.58,102.4852929,OFF
21,6,67,34.01,6.17,101.58,70.43473609,ON
84,29,36,34.36,5.97,101.58,108.8303762,ON
35,28,23,34.71,5.77,101.58,65.88951188,ON
81,4,35,35.04,5.66,101.57,90.988051,OFF
44,41,22,35.37,5.56,101.56,64.40866039,ON
53,6,68,35.04,5.48,101.56,63.03843397,ON
25,18,66,34.71,5.41,101.55,87.9298085,ON
22,28,38,35.13,5.28,101.55,107.4931917,ON
57,44,44,35.55,5.14,101.55,60.95197486,ON
15,25,67,35.55,5.13,101.54,109.7515385,ON
33,23,25,35.55,5.12,101.54,91.76337172,OFF
20,25,54,36,4.88,101.54,94.26249353,OFF
52,13,62,36.46,4.64,101.54,71.07562236,OFF
47,2,56,36.39,4.66,101.54,76.72860067,OFF
63,40,63,36.33,4.69,101.53,69.21803098,OFF
48,11,21,36.33,4.48,101.52,101.7004306,OFF
15,34,31,36.32,4.28,101.51,106.6213157,ON
87,37,37,36.32,4.07,101.5,66.29390357,ON
30,27,70,36.31,3.86,101.49,91.26056654,ON
89,31,69,36.53,3.92,101.48,109.024141,OFF
28,1,42,36.76,3.97,101.47,99.57981207,OFF
87,1,52,37.06,3.88,101.46,71.3195307,OFF
41,23,67,37.36,3.8,101.46,78.34604471,ON
58,42,68,37.69,3.72,101.45,88.45361858,ON
73,10,23,38.02,3.65,101.44,62.50351892,OFF
84,2,57,37.6,3.51,101.43,76.41312437,OFF
90,19,64,37.17,3.38,101.42,107.3198135,ON
90,44,44,36.66,3.75,101.41,100.7689246,OFF
29,35,34,36.15,4.12,101.4,107.2681929,ON
65,5,35,35.44,4.32,101.38,101.5952794,OFF
70,0,37,34.72,4.53,101.37,80.72515943,OFF
70,32,51,34.78,4.85,101.36,83.73280082,ON
6,8,59,34.85,5.17,101.35,89.9622014,OFF
86,1,50,34.93,4.87,101.34,88.10234397,OFF
90,17,22,35.01,4.57,101.34,64.77791424,OFF
22,32,67,35.45,4.49,101.33,73.33636055,ON
7,24,35,35.89,4.4,101.32,83.21030571,ON
73,32,48,36.3,3.99,101.32,103.651438,OFF
78,23,29,36.71,3.57,101.31,84.22969177,OFF
26,26,22,36.77,3.71,101.3,96.59195302,ON
2,28,70,36.83,3.85,101.3,67.96704792,OFF
48,5,34,36.7,3.97,101.28,83.20711308,ON
31,45,67,36.56,4.09,101.27,87.85092352,ON
4,7,56,36.36,4.35,101.26,95.71388473,ON
71,22,64,36.15,4.61,101.25,67.61013737,OFF
74,6,47,36.2,4.62,101.24,97.59081274,OFF
58,20,31,36.25,4.63,101.23,64.23845455,OFF
76,3,70,36.12,4.7,101.22,75.82270467,OFF
78,36,44,36,4.77,101.21,88.17251033,OFF
5,14,41,35.88,4.84,101.2,104.2321615,ON
8,32,38,35.75,4.91,101.19,67.10225139,OFF
31,6,40,35.59,4.59,101.18,67.72777298,OFF
30,34,53,35.43,4.27,101.18,103.2234212,ON
58,25,37,35.48,4.22,101.17,107.2361366,ON
28,9,66,35.52,4.17,101.16,75.03247667,ON
19,16,32,35.52,4.06,101.15,78.16077693,OFF
26,15,45,35.52,3.96,101.14,105.0083144,ON
51,37,65,35.42,3.88,101.14,62.49190812,ON
4,45,67,35.33,3.8,101.13,107.9124111,OFF
80,25,63,35.24,3.98,101.12,74.52082026,OFF
68,24,45,35.15,4.17,101.11,62.91359494,OFF
8,9,41,35.34,4.12,101.1,69.93293255,OFF
53,35,21,35.52,4.06,101.1,108.5054416,ON
79,32,66,35.53,3.96,101.1,78.96159541,OFF
68,5,63,35.55,3.87,101.09,79.84925393,OFF
76,37,59,35.4,3.7,101.08,93.62039175,OFF
34,18,38,35.25,3.53,101.08,85.75692395,ON
28,0,66,35.35,3.34,101.06,82.34162918,OFF
62,36,25,35.24,2.96,101.06,108.7603001,ON
88,27,54,35.13,2.58,101.05,70.23401597,ON
1,23,39,35.03,2.74,101.05,65.50861389,ON
25,0,48,34.92,2.9,101.05,98.73771338,OFF
40,2,46,34.83,2.88,101.04,88.55123143,ON
77,22,58,34.73,2.86,101.04,79.92698081,OFF
66,22,48,34.74,2.99,101.04,68.54932919,ON
52,21,36,34.76,3.12,101.04,88.51048983,ON
84,34,37,34.7,3.08,101.04,79.26357665,OFF
26,7,39,34.63,3.05,101.04,92.68373702,ON
38,34,40,34.56,3.1,101.04,74.6631118,ON
48,24,68,34.49,3.16,101.04,82.61734721,ON
12,20,43,34.48,3.52,101.04,81.84997529,OFF
51,0,46,34.46,3.87,101.04,81.98568791,OFF
83,26,36,34.26,3.7,101.04,93.55280105,ON
64,3,57,34.07,3.52,101.04,74.58565097,OFF
35,10,69,33.83,3.5,101.04,78.96514709,ON
81,17,53,33.58,3.48,101.03,80.7108745,OFF
47,15,28,33.44,3.6,101.02,70.18185181,OFF
18,40,38,33.31,3.72,101.02,71.58010169,ON
54,40,39,33.13,3.88,101.02,73.50734019,ON
60,18,43,32.95,4.05,101.02,82.52339655,ON
20,38,63,32.82,4.17,101.02,66.96980581,ON
39,16,20,32.69,4.29,101.02,90.46228334,OFF
19,17,51,32.64,4.14,101.02,71.31007253,ON
61,16,50,32.59,3.98,101.02,85.74904898,OFF
40,28,52,32.45,3.94,101.02,89.31050665,ON
37,4,30,32.3,3.9,101.03,85.52950164,OFF
61,14,61,32.16,3.86,101.03,72.94940441,OFF
70,8,43,32.02,3.82,101.03,72.32667516,OFF
40,43,68,31.87,3.78,101.04,74.87445574,ON
84,6,33,31.73,3.74,101.04,94.70992037,ON
60,30,58,31.54,3.86,101.04,83.74606679,ON
5,29,37,31.34,3.99,101.04,78.92060234,OFF
8,25,66,31.15,4.12,101.04,83.75937135,ON
58,44,52,30.96,4.24,101.04,76.57580954,ON
1,27,69,30.75,4.5,101.04,91.76071648,ON
65,7,35,30.54,4.75,101.05,76.32470713,OFF
50,35,65,30.44,4.79,101.06,89.73119396,OFF
2,15,65,30.35,4.83,101.06,93.35034262,OFF
28,17,57,30.13,5.22,101.08,81.20176515,OFF
56,13,43,29.91,5.61,101.09,81.70769297,ON
35,29,55,29.58,6.22,101.1,83.74879344,OFF
16,8,57,29.24,6.82,101.1,77.5429424,ON
90,7,62,29.03,7.38,101.11,77.92798682,OFF
33,44,29,28.83,7.93,101.12,82.2545577,ON
40,38,58,28.68,8.25,101.12,70.52056697,ON
75,15,56,28.54,8.56,101.13,72.78624223,OFF
43,41,51,28.34,9.15,101.14,85.24819851,ON
87,15,54,28.14,9.74,101.15,85.37378769,OFF
90,44,29,28.22,9.64,101.16,75.6317566,OFF
67,27,30,28.3,9.54,101.17,89.61857826,ON
83,24,46,28.09,10.34,101.18,75.49101167,ON
85,12,41,27.88,11.15,101.18,86.05078037,ON
62,23,47,27.74,11.73,101.18,80.25064637,OFF
88,38,46,27.61,12.3,101.17,78.26039559,OFF
10,30,70,27.38,13.09,101.18,75.57790384,ON
20,39,50,27.16,13.88,101.19,72.9446671,OFF
62,12,51,26.84,14.36,101.2,90.7760707,OFF
50,26,28,26.52,14.83,101.2,77.81891424,OFF
35,45,64,26.29,14.93,101.21,78.06910795,ON
83,20,53,26.06,15.04,101.22,85.57925437,OFF
5,0,61,25.94,15.08,101.24,69.40619137,OFF
27,12,57,25.81,15.12,101.25,76.32565249,OFF
34,21,37,25.73,15.58,101.25,80.6405403,ON
32,3,58,25.65,16.05,101.25,80.1113384,OFF
30,28,31,25.59,16.13,101.25,91.94595352,OFF
63,8,20,25.53,16.22,101.25,87.51312796,OFF
61,20,54,25.51,15.56,101.25,94.00287214,OFF
60,36,22,25.49,14.89,101.25,88.4585692,ON
54,24,41,25.63,14.34,101.26,84.78344008,ON
71,26,24,25.77,13.78,101.26,68.97806542,OFF
14,45,54,25.8,13.56,101.26,88.68168643,ON
39,15,21,25.82,13.34,101.27,65.23811143,ON
40,37,62,25.74,13.36,101.27,65.78042032,ON
50,1,41,25.65,13.38,101.27,74.63872762,OFF
73,9,34,25.64,13.32,101.28,82.69766829,OFF
37,41,34,25.62,13.25,101.28,69.64449182,ON
43,0,66,25.38,14.4,101.28,87.27444866,OFF
76,29,44,25.15,15.54,101.28,70.87150577,OFF
53,36,42,25.04,16.4,101.28,92.06630306,OFF
71,9,55,24.94,17.26,101.28,79.20509212,OFF
26,9,65,24.83,18.12,101.28,68.81405149,ON
12,41,36,24.82,18.26,101.28,72.85017344,ON
67,13,35,24.82,18.41,101.28,79.45758333,OFF
17,45,53,24.84,18.22,101.28,65.11365631,ON
26,38,70,24.85,18.02,101.28,80.4986291,ON
78,39,34,24.91,17.3,101.28,73.64476535,ON
30,27,57,24.97,16.58,101.28,81.5284269,OFF
20,5,38,24.88,16.43,101.28,88.6810311,ON
79,28,61,24.79,16.29,101.29,68.4951189,OFF
40,17,42,24.66,16.19,101.28,78.44910564,ON
10,11,53,24.52,16.09,101.28,77.33795356,ON
84,8,55,24.45,15.62,101.28,94.78189594,OFF
11,8,32,24.38,15.14,101.28,94.03659867,OFF
63,28,38,24.29,14.94,101.28,78.69707199,OFF
40,2,40,24.2,14.75,101.28,69.15759062,OFF
33,37,34,24.11,14.77,101.28,90.82097601,ON
75,11,64,24.02,14.79,101.28,76.77888672,OFF
24,30,57,23.82,15.1,101.28,67.9545435,ON
65,15,53,23.62,15.41,101.28,73.0926704,OFF
35,25,46,23.51,15.27,101.28,69.09512477,OFF
44,15,33,23.4,15.13,101.28,89.60982451,ON
39,1,45,23.33,15.57,101.28,81.78710463,OFF
13,35,24,23.26,16,101.27,128.256862,ON
20,45,59,23.1,18.12,101.26,106.3598183,OFF
82,0,65,22.94,20.25,101.26,109.225556,OFF
72,5,53,22.85,20.45,101.26,140.3717815,OFF
56,30,36,22.76,20.65,101.26,76.64128258,ON
14,44,26,22.56,21.04,101.26,143.0984171,OFF
25,10,57,22.36,21.44,101.26,60.91974792,ON
13,6,52,22.42,20.72,101.25,104.7783947,ON
43,43,37,22.47,19.99,101.24,132.9801054,OFF
62,1,66,22.41,19.48,101.24,130.0608093,OFF
56,36,47,22.35,18.97,101.24,143.7630894,ON
60,10,25,22.46,18.12,101.24,87.99669731,OFF
89,7,56,22.58,17.26,101.23,144.1567454,OFF
46,23,23,22.69,16.78,101.22,134.3649948,ON
8,29,32,22.8,16.31,101.22,88.06638775,ON
13,10,41,22.77,16.06,101.22,69.63833855,ON
55,35,35,22.74,15.82,101.21,116.5206923,ON
65,27,44,22.6,16.02,101.2,86.21917578,ON
34,33,66,22.46,16.22,101.2,137.1948633,ON
55,17,35,22.24,16.61,101.2,108.3684316,ON
32,10,40,22.03,17,101.2,67.71768947,ON
60,38,47,21.86,17.4,101.2,144.7902323,ON
80,21,48,21.69,17.8,101.21,69.44951585,OFF
22,16,39,21.44,18.58,101.2,121.9401369,OFF
2,21,51,21.19,19.35,101.2,82.68554379,ON
31,8,26,21.12,20.23,101.2,139.7521543,OFF
59,11,50,21.04,21.1,101.2,108.3441414,OFF
27,6,53,21.38,20.2,101.2,96.77285817,OFF
42,40,54,21.71,19.31,101.19,100.6711761,OFF
19,31,68,21.76,19.27,101.2,87.0513289,ON
37,43,41,21.81,19.23,101.2,64.19497947,ON
17,16,47,21.64,19.92,101.2,105.4120514,ON
42,22,62,21.46,20.61,101.2,61.13872036,ON
90,39,46,21.37,20.76,101.2,106.158201,ON
27,9,35,21.28,20.92,101.2,139.0302034,OFF
12,1,40,21.33,20.92,101.2,122.3886015,OFF
26,13,43,21.38,20.92,101.2,129.5650601,ON
35,19,52,21.28,21.41,101.2,120.4509288,OFF
84,45,36,21.19,21.9,101.21,95.17028129,ON
44,43,66,21.16,22.01,101.21,96.65888933,OFF
90,28,63,21.13,22.12,101.21,87.87869161,OFF
6,15,40,21.02,22.5,101.21,138.2362122,ON
70,23,53,20.92,22.88,101.21,120.6913038,OFF
76,18,26,20.82,23.25,101.21,107.3850593,OFF
7,3,61,20.71,23.63,101.21,108.6434544,ON
87,12,58,20.72,23.19,101.21,109.0193712,OFF
86,33,61,20.72,22.74,101.21,95.84253438,ON
64,28,46,20.73,22.3,101.21,60.27552528,ON
15,38,53,20.74,21.86,101.21,100.0497183,ON
18,44,32,20.6,22.1,101.22,125.0972687,ON
50,24,29,20.46,22.33,101.22,113.334026,OFF
36,11,50,20.38,22.6,101.22,103.2926407,OFF
81,32,46,20.3,22.88,101.22,75.45328039,ON
66,38,22,20.22,23.15,101.22,62.21292186,OFF
86,4,66,20.14,23.42,101.22,98.77794225,OFF
5,0,69,20.12,23.38,101.22,107.6907964,OFF
85,28,61,20.09,23.34,101.22,63.38208822,OFF
14,12,41,20.01,23.66,101.22,87.66898664,ON
32,34,45,19.93,23.99,101.22,138.414764,ON
3,42,23,19.85,24.31,101.22,94.9533526,ON
20,19,46,19.62,25.28,101.22,107.7315386,ON
53,12,68,19.4,26.25,101.23,104.6252153,ON
9,34,47,19.21,26.8,101.24,141.6056722,ON
6,32,26,19.02,27.36,101.24,62.7089169,ON
79,8,47,18.74,28.08,101.24,135.3315583,OFF
76,39,27,18.45,28.79,101.25,125.084915,ON
77,23,27,18.28,29.61,101.25,107.4137246,OFF
63,45,37,18.11,30.43,101.25,63.59276673,OFF
3,5,42,18.01,30.62,101.25,146.4727237,OFF
40,3,20,17.91,30.8,101.25,119.6404412,OFF
31,20,34,18.06,29.96,101.26,126.7265372,OFF
90,5,49,18.22,29.13,101.27,134.1811718,OFF
8,27,37,18.24,28.95,101.28,135.3378033,ON
37,1,22,18.25,28.77,101.29,100.118612,OFF
22,4,65,18.24,28.24,101.3,68.51253427,ON
70,30,60,18.22,27.7,101.3,66.97053257,OFF
84,32,29,18.26,27.26,101.3,69.14681022,OFF
29,39,53,18.3,26.83,101.3,88.88796102,OFF
18,15,33,18.32,26.9,101.31,81.83420522,OFF
82,11,25,18.33,26.98,101.32,109.1013261,OFF
86,29,48,18.34,27.06,101.33,81.60211243,ON
12,21,32,18.36,27.13,101.34,112.6616435,OFF
64,11,32,18.58,26.56,101.34,143.8584938,ON
16,20,32,18.8,25.98,101.34,146.4548645,ON
47,9,31,19.12,25.23,101.34,116.7324324,OFF
51,16,70,19.44,24.48,101.35,149.7441028,ON
5,5,23,19.71,23.94,101.35,124.6118471,ON
90,19,56,19.98,23.4,101.36,115.199245,OFF
32,0,25,20.46,22.37,101.36,84.64143632,OFF
16,22,70,20.94,21.34,101.36,129.3449326,ON
42,30,52,21.43,20.3,101.36,130.3900798,OFF
86,32,50,21.91,19.27,101.36,80.15293435,OFF
86,9,69,22.48,18.02,101.37,64.02640797,OFF
80,3,34,23.06,16.76,101.38,139.2921004,OFF
58,43,58,23.64,15.44,101.38,76.14153904,ON
90,37,40,24.22,14.13,101.38,73.36386477,ON
78,44,70,24.66,13.18,101.38,100.5978728,ON
38,26,24,25.1,12.22,101.38,84.06354115,ON
39,23,45,25.65,11.43,101.38,133.1914419,ON
9,8,31,26.19,10.64,101.39,104.2570723,OFF
73,37,22,26.74,9.84,101.4,122.6539694,OFF
77,0,50,27.3,9.03,101.4,163.7266551,OFF
16,17,61,27.61,8.72,101.41,103.3301803,OFF
56,37,55,27.92,8.41,101.42,142.3303677,ON
8,4,37,28.06,8.38,101.42,184.6226709,ON
27,45,20,28.2,8.34,101.43,149.299952,OFF
29,8,68,28.35,8.3,101.43,147.0361442,ON
17,10,64,28.49,8.27,101.43,198.8298806,ON
60,43,48,28.8,7.94,101.43,90.05422663,ON
20,15,40,29.12,7.6,101.43,127.7767134,ON
82,43,39,29.65,7.26,101.44,108.6333046,OFF
59,25,61,30.17,6.91,101.44,176.6165894,OFF
46,13,56,30.53,6.69,101.45,96.36222901,OFF
35,37,30,30.9,6.46,101.46,122.0146733,ON
67,39,60,31.26,6.24,101.46,120.7435664,ON
76,37,46,31.62,6.02,101.47,96.51524028,ON
2,45,59,31.62,5.68,101.47,180.382234,ON
20,30,21,31.62,5.33,101.47,107.4721605,OFF
36,29,39,31.92,5.12,101.47,161.4812963,ON
86,24,42,32.21,4.92,101.47,121.5639121,OFF
7,5,44,32.44,4.72,101.46,194.5921148,OFF
82,34,64,32.66,4.53,101.46,179.2155874,OFF
20,27,27,33.02,4.32,101.46,192.4372194,ON
65,27,34,33.38,4.11,101.45,114.2821387,OFF
32,11,53,33.16,4.11,101.44,139.6483317,OFF
72,7,32,32.94,4.11,101.44,132.7748215,ON
73,44,39,33.2,4.08,101.44,186.5008581,ON
8,32,48,33.45,4.05,101.43,157.0858232,ON
7,31,39,33.65,3.86,101.42,139.6702541,ON
58,17,60,33.84,3.67,101.41,177.3377996,OFF
68,12,25,34.03,3.66,101.4,94.46748008,OFF
65,37,58,34.22,3.66,101.4,161.7820226,OFF
31,37,29,34.36,3.56,101.39,108.5090168,ON
54,42,44,34.51,3.45,101.38,150.8712202,ON
12,32,56,34.57,3.29,101.36,168.5948318,OFF
78,37,54,34.63,3.13,101.35,197.3752649,ON
72,16,30,34.75,3.02,101.34,91.72084869,OFF
17,33,69,34.86,2.91,101.34,180.716828,ON
11,41,23,34.76,2.93,101.33,93.12330644,OFF
64,9,26,34.66,2.95,101.32,116.9106908,OFF
72,44,24,34.74,2.76,101.31,159.2649827,OFF
22,18,57,34.81,2.58,101.3,187.8961851,OFF
36,38,31,34.3,2.76,101.29,129.0064612,ON
18,17,40,33.8,2.94,101.28,147.0414824,OFF
84,42,67,33.34,3.16,101.27,163.2747473,ON
21,45,55,32.89,3.38,101.26,91.31256412,ON
56,20,33,32.86,3.64,101.25,195.5697875,ON
73,4,67,32.83,3.91,101.24,170.9919828,ON
79,21,63,33.33,3.63,101.24,145.3728801,OFF
56,27,25,33.82,3.35,101.23,136.0456753,ON
82,43,59,33.83,3.38,101.22,173.1686574,ON
77,42,42,33.83,3.41,101.21,176.4134092,OFF
79,16,58,34,3.35,101.2,129.2028653,OFF
10,44,38,34.18,3.29,101.2,126.6738117,ON
57,6,28,34.48,3.23,101.19,188.4928637,OFF
68,17,62,34.77,3.17,101.18,191.0658531,OFF
46,1,58,34.58,3.02,101.18,162.5927723,OFF
83,16,31,34.38,2.88,101.17,160.3337447,OFF
26,23,60,34.13,3.16,101.16,100.546816,OFF
78,24,45,33.88,3.43,101.15,105.0380275,ON
7,29,48,34.12,3.4,101.15,192.3023991,ON
48,2,52,34.37,3.37,101.14,148.2502786,OFF
34,0,33,34.07,3.49,101.13,197.1144011,OFF
48,3,36,33.77,3.6,101.12,118.3606557,OFF
5,27,29,33.76,3.53,101.12,100.4673278,ON
15,36,37,33.76,3.46,101.11,191.0895109,ON
48,2,59,33.76,3.39,101.1,195.787103,OFF
48,41,21,33.75,3.32,101.1,182.2688175,ON
74,24,25,33.55,3.34,101.09,159.8938645,OFF
10,42,35,33.35,3.36,101.08,141.1250722,OFF
23,0,58,33.39,3.13,101.08,100.7791633,OFF
35,3,53,33.42,2.9,101.08,175.9303271,OFF
74,3,42,33.54,3.06,101.07,139.8710041,OFF
17,16,57,33.67,3.21,101.07,189.5208915,OFF
37,4,31,33.72,3.3,101.07,137.2279662,OFF
77,6,59,33.77,3.39,101.07,134.8596466,OFF
44,2,53,33.77,3.53,101.06,174.5723999,OFF
62,8,55,33.77,3.66,101.06,101.6073988,OFF
70,24,41,33.76,3.35,101.05,153.2504506,OFF
19,2,27,33.74,3.04,101.04,177.5764304,ON
9,44,66,33.72,3.22,101.04,91.95792434,ON
50,35,37,33.7,3.41,101.04,162.5931264,ON
65,41,63,33.67,3.6,101.03,155.3705624,ON
9,24,20,33.65,3.78,101.03,165.4113371,ON
42,10,35,33.45,3.68,101.03,180.9009998,ON
22,17,69,33.25,3.58,101.02,136.8274312,ON
57,17,55,33.04,3.49,101.02,159.689339,ON
25,44,25,32.84,3.39,101.02,178.8998611,OFF
25,34,51,32.75,3.4,101.02,165.405354,ON
16,16,52,32.66,3.4,101.02,109.1821183,OFF
79,45,27,32.56,3.4,101.02,185.2039114,OFF
84,7,25,32.47,3.41,101.02,149.063196,OFF
2,31,29,32.38,3.42,101.01,180.6465282,ON
33,26,28,32.29,3.42,101.01,96.74706956,OFF
80,29,31,32.19,3.42,101.01,124.6028153,OFF
86,34,36,32.1,3.43,101.01,198.1403003,ON
30,24,60,31.95,3.66,101.01,172.40168,OFF
86,27,46,31.8,3.89,101.02,186.9226052,OFF
1,18,37,31.66,4.12,101.02,173.1106982,ON
45,7,26,31.51,4.34,101.02,122.4564203,ON
53,6,20,31.36,4.57,101.03,32.67891866,OFF
39,34,34,31.21,4.8,101.03,36.5037914,ON
2,20,24,30.98,5.4,101.02,36.92629678,ON
50,23,24,30.76,6,101.02,72.98016599,OFF
41,5,60,30.55,5.78,101.02,32.05025323,ON
76,7,25,30.34,5.56,101.03,71.6266696,OFF
11,7,30,30.18,5.58,101.03,73.44775287,ON
59,5,44,30.02,5.61,101.03,66.35634104,OFF
80,43,33,29.8,5.9,101.04,36.94255012,OFF
21,36,35,29.58,6.19,101.04,61.32935611,ON
37,16,25,29.35,6.48,101.05,53.56783314,OFF
20,35,59,29.13,6.77,101.06,67.43488235,ON
74,7,43,28.82,7.57,101.06,44.94317432,OFF
52,19,34,28.52,8.37,101.06,34.96933295,ON
17,26,66,28.24,8.67,101.06,74.44330654,ON
20,37,45,27.97,8.97,101.07,53.39249517,ON
31,2,22,27.86,8.16,101.07,68.04039813,OFF
5,43,23,27.76,7.35,101.07,45.78172762,ON
61,1,32,27.68,6.88,101.07,74.32635105,ON
70,35,29,27.61,6.41,101.07,32.76742894,ON
62,28,39,27.42,6.67,101.06,35.1051197,ON
55,40,33,27.23,6.93,101.06,72.66666443,ON
65,14,56,26.97,7.48,101.06,48.25207759,ON
83,33,59,26.71,8.02,101.06,40.89732789,OFF
52,7,47,26.63,8.32,101.07,32.55919573,ON
40,44,58,26.55,8.63,101.08,31.87416982,ON
87,0,69,26.44,8.72,101.08,53.1205277,OFF
77,17,20,26.32,8.81,101.09,62.74803826,OFF
74,7,50,26.12,9,101.1,46.19374559,OFF
36,14,55,25.93,9.18,101.11,41.53749535,OFF
3,1,32,25.96,9.11,101.12,58.99536268,OFF
12,42,53,26,9.04,101.13,41.0550915,ON
54,26,33,26.05,8.93,101.14,33.84110759,ON
32,45,54,26.1,8.81,101.14,55.50429227,OFF
28,24,37,26.05,8.85,101.15,57.02891698,ON
89,41,57,26,8.88,101.15,44.11622138,ON
60,21,59,25.92,9.12,101.16,42.24783476,OFF
55,19,29,25.85,9.35,101.16,66.1761456,OFF
85,35,27,25.72,9.66,101.18,72.19245835,ON
80,38,64,25.6,9.97,101.19,55.053805,ON
74,32,20,25.54,10.24,101.2,65.07981523,OFF
24,5,66,25.49,10.5,101.2,38.48678973,ON
29,43,60,25.43,10.95,101.2,62.20279647,ON
49,41,31,25.37,11.4,101.21,70.79934452,ON
43,18,39,25.14,11.9,101.22,64.16167699,ON
5,28,62,24.91,12.4,101.22,31.83192392,ON
71,14,67,24.66,12.8,101.22,50.28438729,ON
49,24,45,24.4,13.2,101.23,58.27600682,ON
40,10,32,24.4,13.39,101.23,36.99362831,OFF
21,23,28,24.4,13.58,101.23,64.25520357,OFF
17,11,40,24.26,14.26,101.24,55.60523179,ON
13,31,35,24.13,14.94,101.24,48.46797044,ON
59,28,32,24.04,15.38,101.25,70.4713043,ON
63,38,35,23.95,15.81,101.26,34.03335472,OFF
82,26,58,23.87,16.02,101.26,68.54877876,OFF
75,12,25,23.79,16.23,101.27,52.0810886,OFF
57,31,66,23.65,16.53,101.27,57.04826619,ON
83,21,62,23.51,16.83,101.27,63.77192383,OFF
39,45,61,23.47,16.6,101.27,60.74583498,ON
65,23,23,23.43,16.38,101.27,71.1271039,ON
54,38,63,23.22,16.54,101.27,64.53027638,ON
10,28,61,23.01,16.69,101.27,40.85534718,OFF
8,27,53,23.06,16.48,101.26,69.66289997,ON
28,29,47,23.11,16.28,101.26,61.86633917,OFF
19,33,31,23,16.45,101.26,64.58559639,ON
70,28,24,22.89,16.63,101.26,44.13827124,ON
31,12,32,22.64,16.92,101.26,35.73403813,ON
83,22,61,22.39,17.22,101.27,33.95825723,OFF
6,41,56,22.36,17.12,101.27,71.90018566,OFF
29,11,29,22.33,17.01,101.27,38.34303462,ON
72,24,46,22.3,16.97,101.28,59.18953429,OFF
14,27,60,22.27,16.92,101.28,36.91852635,ON
31,23,70,22.2,17.72,101.28,52.13580529,ON
7,17,57,22.12,18.52,101.28,55.21606732,OFF
34,11,25,22.08,19.08,101.28,40.82840673,OFF
39,9,57,22.03,19.64,101.28,36.01203025,OFF
88,15,52,21.72,21.18,101.28,34.7426459,OFF
12,44,42,21.41,22.71,101.28,53.78769958,ON
90,29,53,21.23,23.61,101.28,46.0203959,ON
26,22,35,21.05,24.51,101.28,52.92929636,ON
11,27,25,21.11,24.38,101.28,45.43669946,ON
74,17,23,21.17,24.25,101.28,68.80141783,OFF
71,15,23,21.13,23.97,101.28,43.87801983,OFF
43,43,32,21.1,23.7,101.28,64.56807592,ON
84,32,34,21.06,23.42,101.27,38.31597852,OFF
44,19,31,21.02,23.14,101.27,50.1978269,OFF
42,24,20,20.85,23.42,101.27,44.86052932,ON
20,37,57,20.67,23.69,101.26,55.51932414,ON
36,17,22,20.5,23.96,101.26,35.37493212,OFF
26,2,32,20.33,24.24,101.26,30.92014047,ON
20,44,55,20.29,24.1,101.25,32.71129281,OFF
11,41,21,20.25,23.97,101.24,33.48919022,ON
49,19,47,20.19,23.94,101.24,47.95406479,OFF
49,16,25,20.13,23.91,101.24,35.03404425,ON
39,37,33,20.07,23.88,101.24,65.67591794,ON
83,32,22,19.9,24.06,101.24,42.44054315,ON
40,34,55,19.74,24.25,101.23,70.10472076,ON
2,25,22,19.66,24.32,101.24,63.9187654,ON
85,24,25,19.58,24.4,101.24,38.53254678,OFF
35,20,61,19.34,25.15,101.24,32.81296548,ON
36,32,60,19.1,25.9,101.23,54.73367631,ON
75,31,44,19.09,25.85,101.22,38.7976407,OFF
71,12,33,19.08,25.81,101.22,55.296354,OFF
81,28,37,19.01,25.6,101.21,36.35720652,ON
18,36,49,18.94,25.39,101.2,44.75215854,ON
21,25,46,18.96,24.76,101.2,42.99498978,ON
46,19,42,18.99,24.14,101.19,56.48265193,OFF
60,25,40,19.02,23.64,101.18,53.01899249,OFF
12,28,32,19.04,23.13,101.17,41.82490236,OFF
13,0,60,18.98,22.65,101.17,46.75690086,ON
82,11,20,18.93,22.17,101.17,59.87232071,OFF
27,41,59,18.99,21.66,101.16,44.64407105,ON
9,2,62,19.06,21.14,101.15,44.01206619,ON
62,7,68,19.07,20.74,101.15,45.91011391,ON
82,31,30,19.08,20.33,101.14,37.54602719,OFF
51,35,52,19.02,20.26,101.14,40.77872823,ON
61,0,53,18.95,20.18,101.13,42.83053902,OFF
89,12,34,18.78,20.86,101.12,51.52617423,OFF
56,5,39,18.61,21.54,101.12,49.11964582,OFF
13,37,28,18.52,21.96,101.12,57.65901369,ON
19,38,51,18.44,22.38,101.12,43.1386631,ON
90,22,27,18.35,22.81,101.12,48.54598575,OFF
60,41,20,18.26,23.23,101.12,56.76278363,OFF
39,7,56,18.38,22.28,101.12,37.31236904,OFF
72,15,43,18.49,21.32,101.11,56.51103293,ON
90,37,57,18.52,20.45,101.1,37.01110438,OFF
44,34,36,18.55,19.59,101.1,50.47333854,ON
73,19,42,18.54,19.21,101.1,57.79863368,OFF
71,27,69,18.52,18.83,101.1,44.56598352,ON
55,36,47,18.4,19.38,101.1,56.68833819,OFF
70,7,39,18.28,19.93,101.11,59.87065439,OFF
35,25,66,18.04,20.98,101.12,48.48319335,ON
25,33,45,17.8,22.04,101.12,48.56690235,ON
26,14,61,17.65,22.72,101.12,43.80041104,ON
53,36,24,17.5,23.41,101.11,36.94616965,ON
86,3,51,17.38,23.49,101.11,53.43228915,OFF
2,5,65,17.27,23.57,101.11,50.49913241,OFF
28,21,48,17.28,22.52,101.11,45.04467075,ON
15,37,53,17.29,21.48,101.11,58.37249772,ON
36,17,62,17.37,20.2,101.11,40.12044158,OFF
35,34,34,17.45,18.92,101.11,51.09802625,ON
54,22,59,17.56,18.41,101.11,58.86687093,ON
72,25,50,17.68,17.9,101.11,56.04995423,OFF
86,44,48,17.7,17.65,101.11,58.41394143,ON
34,14,37,17.71,17.4,101.11,54.96121262,ON
36,29,54,17.55,17.57,101.11,49.61865305,OFF
55,23,70,17.38,17.74,101.11,52.84626009,ON
42,7,34,17.29,17.83,101.12,55.03723979,ON
28,40,44,17.21,17.92,101.12,54.62243308,ON
44,37,46,17.12,18.01,101.13,59.03629954,ON
5,28,30,16.96,18.41,101.14,52.93031105,ON
42,9,56,16.81,18.81,101.14,56.52558045,OFF
81,15,22,16.89,18.82,101.14,53.15223123,OFF
4,33,53,16.96,18.84,101.15,50.46746116,OFF
63,28,21,17.04,18.86,101.16,39.23831035,ON
3,26,20,17.12,18.87,101.16,44.17580911,ON
88,41,64,17.03,19.08,101.17,45.48591922,OFF
10,40,53,16.94,19.28,101.18,56.09542002,ON
35,24,35,16.76,19.88,101.18,41.39081525,ON
19,23,36,16.59,20.48,101.19,57.99524359,ON
70,9,39,16.55,20.8,101.2,43.15411472,ON
34,37,38,16.51,21.12,101.2,50.91511275,ON
61,41,64,16.33,21.62,101.2,43.78420984,ON
40,38,58,16.14,22.11,101.21,49.50812624,ON
70,32,64,16,22.56,101.22,36.45012824,OFF
26,37,65,15.85,23.01,101.23,37.45680611,ON
31,24,48,15.77,23.2,101.24,53.79732545,ON
74,2,43,15.69,23.38,101.26,37.44800463,OFF
30,25,53,15.89,22.62,101.26,54.7960127,ON
47,2,33,16.09,21.85,101.27,40.53173216,ON
14,8,51,16.4,21.06,101.26,50.9246554,OFF
88,41,45,16.72,20.26,101.26,56.01913159,OFF
52,7,66,16.99,20.1,101.26,58.18713162,ON
66,2,58,17.26,19.94,101.26,48.9366954,OFF
44,23,60,17.7,19.34,101.27,42.02483277,ON
74,1,49,18.15,18.75,101.28,43.05130077,OFF
89,29,40,18.73,17.99,101.28,39.26137642,OFF
32,29,54,19.31,17.24,101.29,50.01534317,OFF
33,8,59,19.94,16.27,101.3,51.53848218,OFF
55,28,44,20.57,15.31,101.31,53.35486977,ON
5,35,30,21.18,14.57,101.32,36.12042927,ON
84,5,33,21.8,13.83,101.33,38.14476781,ON
30,27,34,22.41,13.09,101.34,40.16545979,OFF
81,12,48,23.02,12.35,101.35,50.66487502,OFF
66,37,50,23.67,11.86,101.36,43.95183726,ON
56,40,33,24.32,11.37,101.37,58.29933073,ON
89,44,68,24.96,10.36,101.37,43.25095608,ON
43,14,41,25.6,9.34,101.37,44.47427436,ON
52,45,26,26.06,8.85,101.38,59.84499208,ON
40,24,32,26.52,8.36,101.39,43.4826194,OFF
35,43,67,27.06,8.13,101.4,49.4897245,ON
65,14,28,27.59,7.9,101.4,48.30159325,OFF
30,37,30,28.14,6.9,101.41,41.013132,OFF
63,41,43,28.69,5.91,101.42,43.12063289,ON
58,25,68,29.15,5.4,101.43,44.30070517,ON
45,41,49,29.61,4.88,101.43,58.52974279,ON
19,28,55,29.88,4.65,101.43,43.25726752,ON
2,13,43,30.14,4.42,101.43,37.2464655,OFF
37,3,62,30.54,4,101.43,56.12443206,OFF
71,34,38,30.95,3.57,101.43,52.55469976,ON
30,19,55,31.38,3.64,101.44,71.89090748,OFF
55,19,70,31.8,3.7,101.45,67.15096376,OFF
6,21,49,31.78,3.57,101.45,70.23207557,ON
74,0,58,31.77,3.44,101.45,73.23573601,OFF
8,6,57,31.76,3.31,101.45,72.49507741,OFF
21,36,49,31.74,3.18,101.45,62.26242533,OFF
66,24,61,32.4,2.96,101.45,66.85510868,OFF
88,24,42,33.06,2.74,101.45,68.02199825,OFF
66,36,50,32.97,2.66,101.44,73.67166182,OFF
61,25,31,32.87,2.58,101.43,73.84949872,OFF
81,31,43,32.99,2.55,101.43,69.28607828,ON
53,4,42,33.11,2.53,101.43,64.55882254,OFF
57,36,27,33.34,2.51,101.44,67.53021213,ON
12,9,29,33.57,2.5,101.44,66.63830637,ON
84,38,48,34,2.54,101.43,70.86340755,OFF
68,7,49,34.44,2.59,101.42,67.1367443,OFF
1,8,63,34.4,2.24,101.4,68.97097538,OFF
65,29,67,34.37,1.9,101.39,69.75555541,ON
48,5,45,34.41,1.92,101.39,71.50569456,OFF
67,8,26,34.45,1.93,101.39,61.91208707,OFF
71,28,43,34.67,1.91,101.38,74.01229707,OFF
51,25,34,34.9,1.89,101.38,74.91559514,ON
30,35,51,34.7,1.82,101.36,71.78615328,OFF
2,22,46,34.49,1.75,101.35,63.02473185,ON
37,30,63,34.98,1.69,101.34,61.19250859,OFF
43,37,32,35.48,1.64,101.34,65.62859526,OFF
50,29,56,35.34,1.58,101.34,63.49726331,ON
17,3,46,35.21,1.52,101.33,65.81655892,ON
90,35,32,35.16,1.32,101.32,70.1415139,OFF
23,8,60,35.12,1.12,101.32,74.61649888,OFF
22,9,69,34.67,1.44,101.32,65.820457,ON
37,34,66,34.23,1.77,101.31,69.24464096,ON
37,2,56,33.94,1.86,101.3,70.88787207,ON
89,25,42,33.64,1.95,101.3,61.46892873,OFF
38,41,37,33.12,2.01,101.29,64.72797143,ON
88,21,29,32.59,2.07,101.28,62.3061735,OFF
12,28,37,32.66,2.25,101.27,69.85112265,ON
48,20,49,32.72,2.43,101.26,73.58663968,ON
87,0,44,33.04,2.04,101.25,66.37171179,OFF
80,11,22,33.36,1.66,101.24,74.86960831,OFF
62,29,68,33.53,1.4,101.24,65.66436565,OFF
46,22,42,33.71,1.14,101.24,60.4693835,ON
88,9,57,33.86,1.1,101.23,72.43169115,OFF
22,11,38,34,1.05,101.22,63.57445989,ON
19,27,63,33.9,1.04,101.21,70.25496749,OFF
33,20,39,33.8,1.04,101.2,71.48327008,ON
68,40,60,33.67,1.16,101.19,63.1830529,ON
49,44,50,33.54,1.27,101.18,70.27184748,ON
6,38,25,33.68,1.48,101.17,60.41790253,ON
10,23,63,33.82,1.68,101.16,72.17818157,ON
8,1,26,33.63,1.68,101.16,67.83345933,ON
20,44,24,33.44,1.69,101.16,70.0866434,ON
39,31,20,33.38,1.66,101.16,69.40878198,ON
28,41,55,33.31,1.63,101.15,62.30278274,ON
58,17,61,33.3,1.38,101.15,61.16350463,ON
47,1,36,33.29,1.14,101.14,71.72980375,OFF
90,17,31,33.02,1.32,101.13,69.43895491,OFF
3,2,39,32.76,1.5,101.12,68.91754359,ON
88,41,30,32.78,1.39,101.12,63.85668948,ON
85,6,53,32.79,1.28,101.11,61.71111448,OFF
75,27,56,32.92,1.28,101.1,67.47677295,ON
38,3,30,33.04,1.29,101.1,65.24194361,OFF
49,3,43,33.02,1.3,101.1,74.24459122,ON
68,35,69,33.01,1.31,101.1,69.5274407,OFF
69,21,55,33.07,1.04,101.1,71.36947525,ON
51,43,50,33.13,0.76,101.09,68.64685069,ON
48,18,23,33.08,0.7,101.08,73.44678678,OFF
53,2,29,33.02,0.64,101.08,67.32520551,OFF
22,13,43,32.92,0.74,101.07,73.40452716,ON
15,9,69,32.82,0.85,101.07,69.46020927,ON
41,32,64,32.77,1.14,101.06,74.62068748,ON
79,31,20,32.72,1.42,101.06,71.21006868,OFF
33,24,58,32.63,1.28,101.06,64.32887142,OFF
50,31,68,32.54,1.14,101.06,63.29900785,ON
30,27,27,32.6,1,101.06,69.68862306,ON
46,40,63,32.65,0.86,101.05,63.51822045,ON
71,5,20,32.45,0.86,101.04,64.11411069,OFF
78,45,29,32.25,0.86,101.04,63.46546487,OFF
73,19,49,32.22,0.84,101.04,63.02169909,ON
14,4,50,32.19,0.81,101.04,72.50669768,OFF
59,20,51,32.17,0.7,101.04,70.40795007,ON
15,38,58,32.15,0.59,101.03,62.78730907,ON
81,21,60,32.06,0.89,101.02,73.37686831,OFF
54,42,63,31.97,1.19,101.02,62.31842057,ON
60,34,33,31.84,1.06,101.02,62.2737345,ON
42,1,29,31.72,0.93,101.01,64.42177127,OFF
49,10,35,31.64,1.04,101,68.83924882,OFF
55,27,24,31.57,1.16,101,71.16331975,ON
43,27,36,31.52,1.3,101,65.45328463,ON
48,16,42,31.47,1.43,101,74.22238583,ON
35,32,50,31.37,1.42,101,71.64631281,ON
76,17,35,31.27,1.42,101.01,62.83469851,OFF
20,37,47,31.06,1.26,101,66.47264636,ON
5,20,48,30.84,1.1,101,66.69096751,ON
48,4,60,30.68,1.24,101,74.16699119,OFF
53,27,23,30.52,1.38,101,64.89517488,ON
18,11,58,30.36,1.52,101,64.77651469,ON
71,24,25,30.2,1.66,101,68.56507978,OFF
7,2,62,29.96,2.06,101,61.83876146,OFF
89,22,34,29.72,2.47,101.01,63.37784443,OFF
85,11,23,29.55,2.62,101.02,43.35795377,OFF
71,41,68,29.38,2.76,101.02,46.83130119,OFF
85,26,30,29.08,2.76,101.02,46.80452595,OFF
2,37,55,28.78,2.77,101.02,46.6352865,OFF
29,36,52,28.58,2.65,101.02,46.13833007,ON
60,18,48,28.39,2.53,101.03,53.46622584,OFF
46,21,23,28.18,2.53,101.04,50.89110726,ON
89,10,51,27.96,2.53,101.04,50.90994463,OFF
76,20,49,27.7,2.74,101.05,36.46946971,OFF
72,36,23,27.45,2.95,101.06,35.15426171,ON
18,15,29,27.18,3.27,101.06,49.14337177,ON
29,9,47,26.9,3.59,101.06,52.55730112,OFF
56,20,45,26.62,3.91,101.05,42.96018627,ON
59,39,34,26.35,4.23,101.05,49.02366803,ON
45,42,65,26.11,4.93,101.05,41.78219834,ON
31,2,64,25.87,5.63,101.05,38.71834464,ON
2,2,28,25.84,5.87,101.06,49.78102578,ON
74,9,24,25.81,6.11,101.08,51.92057267,OFF
48,3,64,25.54,6.91,101.09,54.9393771,OFF
1,38,62,25.26,7.71,101.1,50.89732989,OFF
43,9,53,25.28,7.66,101.12,44.93261911,OFF
28,0,42,25.31,7.62,101.13,49.39111479,OFF
30,14,65,25.26,7.82,101.14,44.43177543,ON
20,7,37,25.22,8.02,101.14,48.77790371,OFF
14,40,69,25.12,8.57,101.15,40.37113729,ON
86,22,56,25.02,9.13,101.16,47.89645224,OFF
47,40,69,24.96,9.58,101.16,46.05333124,ON
28,44,45,24.91,10.03,101.17,54.49044154,ON
27,27,57,24.74,10.19,101.19,49.04015558,ON
84,44,32,24.57,10.35,101.21,53.14531023,ON
32,37,46,24.39,10.43,101.22,48.60449438,ON
56,27,59,24.21,10.51,101.22,53.13946695,ON
53,4,32,24.11,10.78,101.24,45.42616802,ON
79,23,67,24.01,11.06,101.25,44.07819743,ON
37,45,63,23.95,11.08,101.26,49.37369982,ON
23,29,23,23.89,11.1,101.28,41.02682925,ON
25,4,23,23.67,11.68,101.28,44.08562546,ON
43,39,46,23.45,12.27,101.27,49.47371773,OFF
43,33,51,23.3,12.64,101.27,45.36521251,ON
44,10,69,23.15,13.01,101.27,37.81123974,ON
69,37,47,22.8,14.4,101.28,48.80253285,ON
30,15,43,22.46,15.8,101.29,42.72374404,ON
71,21,36,21.69,18.59,101.3,45.40277297,ON
59,15,43,20.92,21.38,101.31,52.39881209,ON
54,28,50,20.46,23.44,101.31,49.73922097,ON
66,20,34,20,25.5,101.32,38.30411077,ON
76,6,53,19.53,27.56,101.32,35.75107592,OFF
13,32,40,19.07,29.62,101.32,44.95654782,ON
55,2,50,18.78,33.3,101.32,48.33941188,OFF
45,19,68,18.49,36.98,101.32,35.03484812,ON
60,19,34,18.4,38.71,101.32,44.23629285,ON
10,38,28,18.3,40.44,101.33,36.18678721,ON
39,24,27,18.44,41.26,101.34,50.43306085,OFF
67,34,39,18.58,42.07,101.34,54.37814199,OFF
67,31,26,18.34,44.31,101.34,47.26052494,OFF
9,0,49,18.09,46.55,101.34,38.21370568,OFF
74,0,64,17.87,48.2,101.34,35.36831423,OFF
43,45,35,17.64,49.85,101.35,37.11395801,ON
5,35,56,17.48,50.66,101.35,37.15824966,ON
60,42,46,17.32,51.46,101.35,48.28137482,OFF
22,28,25,17.16,52.26,101.35,53.40906048,ON
78,1,70,17,53.06,101.35,42.89509057,OFF
15,19,30,17.11,53.95,101.35,41.7704893,ON
63,38,48,17.22,54.84,101.36,35.69674138,OFF
64,15,65,17.28,54.7,101.36,48.06491307,OFF
79,33,45,17.34,54.57,101.36,45.49683991,ON
59,33,52,17.41,54.43,101.35,53.31508572,ON
31,44,21,17.47,54.3,101.35,39.18374505,ON
17,0,49,17.53,54.16,101.35,42.19740397,OFF
87,0,69,17.92,49.74,101.35,37.46160727,OFF
89,42,32,18.3,45.32,101.35,51.54922825,ON
66,4,25,18.21,44.74,101.34,50.6128521,OFF
56,24,40,18.12,44.16,101.34,46.90725077,ON
14,1,57,18.1,43.17,101.34,49.55213308,ON
19,31,63,18.08,42.18,101.34,41.45486619,ON
3,37,29,18.2,39.95,101.34,36.68284038,ON
71,31,68,18.33,37.72,101.34,39.00992137,ON
74,16,37,18.42,35.2,101.34,52.50812701,ON
21,35,57,18.51,32.68,101.35,47.01510708,ON
87,10,43,18.57,30.62,101.35,42.87274897,OFF
22,22,59,18.62,28.56,101.36,53.04669416,OFF
86,11,30,18.51,28.4,101.36,46.48280681,OFF
3,24,68,18.4,28.24,101.36,49.94043064,OFF
31,16,69,18.4,27.62,101.35,36.5011366,ON
16,32,62,18.39,26.99,101.35,50.17067771,ON
87,4,28,18.42,26.06,101.34,46.62370222,OFF
4,12,44,18.44,25.13,101.34,53.12442925,ON
54,30,67,18.52,24.14,101.34,44.23913012,ON
11,39,62,18.59,23.14,101.33,41.61080544,ON
41,21,23,18.64,22.22,101.32,36.10211371,OFF
89,27,20,18.69,21.29,101.31,51.02372773,OFF
2,35,23,18.82,20.79,101.3,51.56461082,ON
76,42,39,18.94,20.29,101.3,45.20841071,ON
29,6,60,18.94,20.45,101.3,46.10585191,OFF
9,32,29,18.93,20.62,101.3,47.9271552,OFF
67,27,52,18.96,20.93,101.3,52.60285259,OFF
78,9,68,18.99,21.24,101.29,38.07659414,ON
12,10,34,18.84,21.72,101.28,40.8106299,OFF
22,42,35,18.7,22.2,101.28,53.10207889,ON
40,5,65,18.59,22.5,101.28,40.74536757,ON
85,24,42,18.48,22.8,101.27,111.9684622,OFF
54,18,29,18.37,23.11,101.26,108.0458926,ON
76,37,28,18.26,23.41,101.26,102.5184759,ON
30,9,49,18.02,24.06,101.26,110.2316633,OFF
28,14,70,17.79,24.7,101.25,109.3905998,ON
33,6,31,17.91,24.15,101.25,109.4169192,ON
47,36,39,18.03,23.6,101.25,104.8955643,ON
27,42,27,18.03,23.28,101.24,106.9659201,ON
73,8,49,18.02,22.96,101.24,108.0423555,OFF
7,44,69,17.91,22.76,101.24,109.3930157,OFF
49,18,56,17.8,22.57,101.24,104.7693804,OFF
83,20,51,17.66,22.48,101.24,105.7595811,OFF
8,5,40,17.53,22.4,101.24,108.3168858,ON
85,44,31,17.48,22.46,101.24,104.5375109,ON
36,25,36,17.43,22.52,101.24,107.6836871,ON
18,38,31,17.4,22.62,101.24,108.5468633,ON
66,3,69,17.37,22.73,101.23,104.8216333,OFF
89,23,58,17.34,22.83,101.23,102.8593382,OFF
48,33,51,17.54,22.87,101.23,108.0756727,ON
57,10,37,17.74,22.91,101.23,105.6499907,ON
1,11,62,18.1,21.76,101.23,111.6631582,ON
53,23,56,18.45,20.61,101.23,112.4349689,OFF
37,21,34,18.62,19.95,101.23,107.3416913,ON
65,6,25,18.8,19.29,101.23,105.1834976,OFF
35,9,41,18.77,19.33,101.22,111.2818551,OFF
23,38,21,18.74,19.37,101.22,109.0946323,ON
69,15,63,18.76,19.27,101.22,102.8013275,OFF
45,3,41,18.77,19.18,101.22,106.8704803,OFF
7,45,25,18.72,19.09,101.22,108.4758509,ON
21,42,28,18.66,19,101.23,102.860084,ON
36,6,41,18.64,18.7,101.23,103.1969341,ON
64,5,35,18.62,18.4,101.23,111.0196744,OFF
8,7,35,18.58,18.18,101.24,104.3739878,ON
59,30,41,18.55,17.97,101.24,111.2800516,ON
8,14,43,18.42,18.01,101.24,104.0277061,ON
19,42,40,18.29,18.05,101.23,108.2287276,ON
63,8,39,18.18,17.92,101.24,111.2232716,OFF
64,40,59,18.08,17.79,101.24,103.8799347,ON
81,39,60,17.98,17.68,101.24,104.6735454,OFF
3,39,20,17.88,17.58,101.25,111.2787584,ON
56,37,37,17.88,17.3,101.26,108.065579,ON
41,31,39,17.88,17.01,101.26,104.7847006,ON
44,11,26,18,16.48,101.26,109.8695196,OFF
29,38,40,18.13,15.96,101.27,110.9653137,ON
43,6,51,18.1,15.95,101.28,106.9216033,ON
5,30,63,18.08,15.94,101.28,109.2853418,ON
2,41,38,18.04,16.04,101.28,106.0380805,ON
64,5,68,18.01,16.13,101.29,112.459697,ON
45,40,31,17.98,16.23,101.29,110.2437841,OFF
68,45,49,17.94,16.32,101.29,106.2817706,ON
36,20,56,17.9,16.42,101.3,107.1951707,ON
78,32,28,17.87,16.51,101.3,105.2240743,ON
53,5,54,17.76,16.89,101.3,107.5660804,ON
53,34,35,17.64,17.27,101.31,109.6623974,ON
17,25,44,17.57,17.48,101.32,103.3183074,ON
32,36,58,17.5,17.69,101.32,110.4606459,OFF
39,26,59,17.45,18.04,101.32,102.5538035,OFF
18,35,43,17.4,18.38,101.32,111.0217929,ON
66,9,63,17.62,18.55,101.32,106.3602023,OFF
64,9,45,17.84,18.72,101.33,104.617522,OFF
67,11,32,18.24,18.55,101.34,104.991282,OFF
15,20,22,18.63,18.37,101.35,103.0295938,ON
19,11,46,19.11,18.38,101.35,109.4429934,ON
89,34,64,19.59,18.4,101.36,106.8685636,OFF
64,33,63,20.19,17.72,101.36,111.3779693,ON
42,32,70,20.78,17.04,101.37,105.6209954,ON
68,13,47,21.3,16.26,101.37,110.9633894,OFF
74,45,35,21.82,15.49,101.37,110.6956184,OFF
76,20,35,22.34,14.71,101.38,103.7084055,OFF
19,32,48,22.86,13.94,101.38,102.6488846,ON
16,19,20,23.38,13.16,101.38,110.4432293,OFF
41,10,22,23.93,12.5,101.38,104.6843243,OFF
90,13,66,24.48,11.83,101.39,111.1382096,OFF
3,27,55,24.8,11.46,101.39,105.4766591,ON
17,45,61,25.13,11.08,101.39,108.6793978,ON
89,31,29,25.52,10.74,101.4,105.529185,ON
8,8,61,25.92,10.39,101.41,112.1926517,OFF
5,38,47,26.23,10.32,101.42,111.7162016,ON
10,1,30,26.54,10.24,101.43,107.6435771,ON
77,13,34,26.86,9.98,101.43,104.88189,OFF
12,45,21,27.17,9.73,101.43,109.2537734,ON
83,30,59,27.89,9.32,101.44,105.6917856,ON
7,8,35,28.61,8.92,101.44,106.61905,ON
57,9,33,28.88,8.37,101.44,106.1606833,ON
19,41,34,29.15,7.82,101.44,110.5764023,ON
80,18,39,29.28,7.39,101.44,107.6103211,OFF
77,8,28,29.41,6.95,101.43,112.4750941,OFF
36,35,31,29.44,6.76,101.43,109.0357597,ON
32,44,68,29.48,6.58,101.43,109.9130984,ON
60,5,28,29.78,6.35,101.43,103.6012114,OFF
6,10,21,30.07,6.12,101.43,106.977723,OFF
42,36,56,30.47,5.78,101.44,110.0932899,ON
90,31,62,30.87,5.45,101.44,106.128338,OFF
65,42,32,30.91,5.36,101.44,104.4407083,OFF
52,34,51,30.95,5.26,101.45,107.0050976,ON
71,19,20,30.99,5.16,101.46,112.337046,OFF
32,39,35,31.03,5.07,101.46,102.8186358,ON
73,40,37,31.28,5.07,101.46,106.2784673,OFF
77,2,46,31.53,5.08,101.46,109.8076178,OFF
8,18,33,31.78,5.08,101.45,108.3121789,ON
61,12,63,32.03,5.08,101.45,92.82840911,ON
71,15,26,32.12,4.87,101.45,101.0494791,OFF
87,41,33,32.2,4.66,101.45,104.9378,ON
70,33,26,32.3,4.52,101.45,90.10978128,ON
36,35,56,32.41,4.38,101.45,113.2297373,ON
15,10,36,32.57,4.31,101.44,114.5357503,ON
78,2,24,32.73,4.25,101.43,97.32531705,OFF
46,34,52,32.83,4.09,101.42,99.34482238,ON
41,30,21,32.93,3.93,101.41,113.8729798,ON
81,44,56,33.01,3.92,101.4,100.0075679,OFF
1,44,34,33.09,3.91,101.39,98.75084366,ON
83,28,67,32.96,3.96,101.38,100.1692639,OFF
40,40,53,32.82,4,101.38,118.2761894,ON
75,39,38,33.28,3.72,101.37,99.72430835,ON
35,15,64,33.74,3.44,101.36,108.3957179,ON
51,3,50,33.67,3.56,101.34,98.66679427,OFF
69,35,32,33.59,3.67,101.31,119.84797,ON
87,10,55,32.88,3.95,101.3,108.66464,OFF
89,10,57,32.17,4.23,101.3,102.7867717,OFF
31,0,27,31.6,4.54,101.3,116.1616839,OFF
66,15,47,31.04,4.85,101.29,118.6858263,OFF
48,16,22,31.13,4.89,101.28,98.21747528,ON
79,10,26,31.22,4.93,101.27,91.46442491,OFF
9,19,50,31.52,4.85,101.26,105.0776992,ON
52,33,64,31.82,4.77,101.26,112.0700033,ON
87,35,39,31.16,4.84,101.25,92.07835761,ON
1,24,50,30.5,4.91,101.24,90.66727868,OFF
48,44,32,31.05,4.66,101.24,93.10247183,ON
90,37,29,31.6,4.42,101.24,98.16752001,OFF
7,17,63,32.1,3.84,101.21,109.5408614,ON
59,26,27,32.48,3.81,101.2,117.2878912,OFF
7,3,41,32.87,3.78,101.18,94.31102057,ON
57,32,43,32.87,3.46,101.18,119.218154,OFF
51,2,35,32.87,3.14,101.18,102.4633775,OFF
19,34,26,32.23,3.58,101.17,109.575944,OFF
84,35,49,31.59,4.02,101.16,91.34276507,OFF
68,0,38,31.54,4.1,101.16,112.9794804,OFF
44,3,44,31.5,4.17,101.15,112.0777152,OFF
25,18,45,31.16,4.14,101.15,118.6730366,ON
37,22,48,30.83,4.11,101.14,117.536781,ON
66,41,20,31.18,4.22,101.14,107.3944717,ON
80,20,42,31.54,4.33,101.14,116.5531455,OFF
9,15,43,31.79,4.05,101.13,112.3982055,ON
66,12,31,32.04,3.77,101.12,110.3262123,OFF
82,40,70,32.18,3.54,101.12,110.2511102,ON
36,1,46,32.32,3.31,101.12,110.4408803,OFF
55,31,63,32.41,3.48,101.12,116.3019555,OFF
82,21,61,32.5,3.65,101.11,119.0856171,OFF
55,45,50,32.19,3.71,101.1,108.8547508,ON
32,28,46,31.88,3.77,101.09,118.2583441,ON
90,14,28,31.92,3.76,101.08,91.40508414,OFF
65,21,24,31.97,3.74,101.08,95.12322062,OFF
71,43,53,32.08,3.5,101.07,109.9825551,OFF
3,25,63,32.19,3.26,101.07,102.2099836,ON
24,36,67,32.06,3.44,101.06,109.022564,ON
15,16,63,31.94,3.63,101.06,117.229079,ON
77,28,33,31.86,3.81,101.06,112.1355384,ON
82,38,49,31.79,3.99,101.07,111.0162259,OFF
1,36,51,31.8,3.94,101.06,99.20961514,ON
51,41,50,31.8,3.88,101.06,115.8586081,ON
10,39,66,31.52,3.97,101.06,119.695765,ON
89,28,35,31.24,4.06,101.06,110.10323,OFF
54,24,52,30.96,4.15,101.05,109.2768851,ON
70,17,25,30.68,4.24,101.05,109.2486647,OFF
71,38,44,31,4.07,101.04,108.8616474,OFF
59,34,48,31.33,3.9,101.04,110.1331182,ON
71,41,51,31.06,3.86,101.04,104.4812858,OFF
10,24,21,30.78,3.81,101.04,90.43495443,ON
65,8,30,30.5,4,101.05,119.4765557,OFF
68,7,70,30.23,4.18,101.06,118.9923573,OFF
54,40,64,29.96,4.36,101.07,90.94554618,OFF
49,26,41,29.68,4.55,101.08,114.2005455,ON
54,18,22,29.38,4.58,101.08,91.06493353,OFF
12,25,61,29.07,4.61,101.08,96.45042585,OFF
30,18,53,29.44,4.56,101.07,113.1161095,OFF
50,15,65,29.8,4.51,101.07,92.78133617,OFF
7,41,66,29.83,4.6,101.08,94.32961456,ON
16,33,59,29.85,4.68,101.09,91.73358569,ON
73,22,51,29.64,4.94,101.09,100.6619171,OFF
77,38,45,29.43,5.2,101.09,98.00403016,OFF
7,45,66,28.94,5.58,101.1,103.5045395,ON
52,36,26,28.46,5.96,101.1,95.83016448,ON
57,26,50,28.36,5.77,101.1,97.55986676,ON
9,45,28,28.27,5.58,101.1,94.68180316,ON
63,45,63,28.04,5.83,101.11,90.45142867,ON
1,31,54,27.8,6.08,101.12,90.24211529,OFF
9,30,35,27.76,5.96,101.12,96.47800391,ON
17,29,64,27.73,5.84,101.11,111.0843029,ON
44,28,56,27.54,6.36,101.12,100.5123341,OFF
89,38,52,27.35,6.89,101.12,99.46950465,OFF
64,16,41,27.26,6.76,101.13,105.4220251,ON
14,12,36,27.16,6.62,101.14,91.99964712,ON
13,14,21,27.04,6.56,101.15,109.0921631,ON
52,31,52,26.91,6.49,101.16,108.3690513,ON
57,18,31,26.74,6.74,101.17,108.5501443,OFF
7,39,60,26.57,6.98,101.18,90.81250457,ON
39,21,49,26.48,7.19,101.19,103.7040783,ON
78,35,21,26.39,7.4,101.2,94.37987496,OFF
47,20,41,26.26,7.69,101.21,92.15524332,ON
62,22,33,26.12,7.98,101.22,98.12565829,ON
13,28,31,26,8.16,101.23,90.09586854,ON
80,35,61,25.87,8.34,101.24,98.67527561,ON
32,16,28,25.78,8.56,101.25,95.85118326,ON
90,17,38,25.69,8.77,101.26,95.70525913,ON
75,24,21,25.58,8.95,101.26,92.19721736,OFF
10,14,39,25.46,9.13,101.27,98.00687989,OFF
55,13,44,25.48,9.09,101.28,97.72843182,ON
73,0,23,25.5,9.05,101.28,93.75441586,OFF
29,43,22,25.37,9.37,101.29,95.3713484,ON
24,22,40,25.23,9.68,101.29,98.46768642,ON
30,26,67,25.1,10,101.3,94.11213345,ON
19,28,34,24.98,10.34,101.3,97.31258083,ON
29,21,48,24.85,10.67,101.31,99.35408185,ON
42,44,22,24.68,11.01,101.31,89.85646496,ON
31,6,43,24.52,11.35,101.31,91.87312479,OFF
48,42,45,24.26,12.26,101.32,94.42850522,OFF
62,43,26,24.01,13.16,101.33,91.55845821,OFF
12,13,63,24,13.14,101.34,97.41054011,OFF
85,27,40,23.98,13.11,101.35,95.74606104,OFF
9,18,23,24.01,13.38,101.36,98.33351125,ON
45,45,28,24.04,13.64,101.36,99.9834242,ON
86,11,40,24.06,13.91,101.37,99.61465679,OFF
47,16,67,24.09,14.18,101.38,94.62954663,ON
45,9,50,24.03,14.4,101.38,98.63333684,OFF
60,21,38,23.97,14.63,101.39,97.01331604,OFF
77,12,62,23.89,15.04,101.4,90.28624348,OFF
56,15,60,23.81,15.44,101.4,90.65022183,ON
8,37,20,23.68,15.98,101.4,91.82271568,ON
8,23,26,23.55,16.52,101.41,90.82549241,ON
35,32,22,23.5,16.67,101.4,92.09609766,ON
6,36,55,23.45,16.82,101.4,100.2585673,ON
72,27,66,23.3,17.46,101.4,92.99739415,OFF
8,43,51,23.16,18.11,101.39,100.2160615,ON
76,18,26,23.01,18.54,101.4,98.81596545,OFF
34,8,29,22.86,18.97,101.41,98.00644238,OFF
63,43,22,22.83,18.89,101.42,91.67241761,ON
14,3,65,22.8,18.81,101.43,95.99487068,ON
74,9,35,22.74,18.83,101.44,97.38741498,ON
41,6,26,22.69,18.85,101.44,95.8445641,ON
90,22,53,22.61,18.87,101.44,100.8124659,OFF
44,6,28,22.53,18.89,101.45,90.21633216,OFF
12,33,27,22.51,18.55,101.46,90.14047759,ON
13,18,53,22.49,18.2,101.46,97.41586402,ON
21,29,67,22.41,17.83,101.46,93.36718816,ON
69,27,69,22.33,17.47,101.46,97.76832322,ON
60,33,49,22.32,16.81,101.46,95.257992,ON
84,16,42,22.32,16.15,101.46,92.37238878,ON
21,45,33,22.3,15.68,101.46,91.63074547,ON
62,34,21,22.27,15.22,101.47,92.26439205,OFF
67,19,21,22.2,15.06,101.48,96.27792547,OFF
69,36,42,22.13,14.89,101.49,94.49161372,OFF
55,9,54,22.04,14.72,101.49,90.29643888,OFF
78,37,60,21.94,14.54,101.49,90.40332704,OFF
30,37,49,21.85,14.39,101.49,90.89173106,ON
67,43,68,21.76,14.24,101.49,95.23444287,OFF
58,40,44,21.53,15.09,101.5,100.7586226,OFF
66,24,34,21.3,15.94,101.5,96.59816497,ON
70,31,64,21.23,16.3,101.5,99.642454,OFF
2,9,29,21.17,16.66,101.49,97.55155537,OFF
20,12,29,21.1,17.02,101.49,90.40260445,OFF
79,4,69,21.03,17.38,101.49,92.84991507,OFF
80,37,54,20.97,17.74,101.48,93.30247448,ON
72,5,27,20.9,18.1,101.48,92.21318555,OFF
60,34,42,20.79,18.44,101.48,94.76322976,OFF
16,6,26,20.67,18.78,101.48,98.28583013,OFF
9,29,56,20.56,19.13,101.47,91.01152997,ON
39,22,22,20.45,19.47,101.47,91.09745581,ON
83,45,50,20.29,20.3,101.48,91.405983,ON
39,13,69,20.13,21.14,101.48,89.78216168,ON
55,30,63,19.97,21.84,101.48,97.51952041,OFF
24,43,35,19.81,22.53,101.47,89.98024312,ON
69,2,35,19.68,22.84,101.48,95.94035356,OFF
62,45,62,19.56,23.16,101.48,95.89898581,ON
18,16,21,19.5,23.03,101.47,100.3060719,OFF
35,17,29,19.44,22.9,101.46,89.74409017,ON
59,16,51,19.44,22.94,101.46,97.4611918,OFF
30,33,61,19.43,22.99,101.46,91.46664318,ON
37,8,55,19.38,23.28,101.45,89.59371481,OFF
51,14,47,19.34,23.57,101.44,95.04871605,ON
42,36,56,19.31,23.17,101.44,97.79072474,ON
57,38,45,19.28,22.77,101.44,93.53197359,ON
61,18,31,19.37,21.98,101.43,91.77522598,OFF
68,3,59,19.46,21.19,101.42,96.23520043,OFF
21,13,68,19.41,21.22,101.42,96.63721027,ON
43,16,35,19.36,21.24,101.41,96.38808001,ON
6,5,54,19.34,21.18,101.41,98.05089394,ON
66,6,27,19.31,21.11,101.41,91.22881052,OFF
87,23,25,19.29,21.05,101.41,98.57025046,OFF
18,39,34,19.2,21.14,101.4,90.38503469,OFF
67,28,40,19.1,21.22,101.4,96.08745082,OFF
79,2,49,19.05,21.28,101.4,94.67344737,OFF
42,38,24,18.99,21.34,101.41,89.29147581,ON
11,12,53,18.94,21.5,101.41,97.45373619,ON
9,44,70,18.89,21.66,101.41,91.54560427,ON
21,18,26,18.83,21.8,101.4,95.8946444,OFF
57,7,32,18.76,21.94,101.4,93.17221967,ON
52,36,55,18.71,22.01,101.4,100.7720705,ON
89,28,65,18.66,22.08,101.4,93.92375879,ON
1,22,58,18.54,22.4,101.4,91.88766069,ON
77,13,49,18.41,22.72,101.4,91.10190759,OFF
85,19,42,18.38,22.55,101.4,67.12534492,OFF
38,32,28,18.34,22.38,101.41,68.38135469,ON
9,0,21,18.31,21.84,101.41,68.73932528,OFF
10,0,43,18.28,21.31,101.41,66.83872293,OFF
27,17,57,18.24,20.76,101.41,65.34440794,OFF
31,5,41,18.21,20.21,101.41,70.39906054,ON
24,17,70,18.19,19.92,101.41,66.76285469,ON
6,33,64,18.16,19.62,101.41,69.63122027,ON
67,29,23,18.15,19.27,101.41,66.77844567,ON
46,44,37,18.14,18.93,101.41,73.88467027,ON
3,25,48,18.14,18.7,101.4,74.91506217,ON
12,35,29,18.13,18.47,101.4,66.02765219,ON
73,21,26,18.03,18.54,101.4,68.06417307,OFF
74,32,47,17.93,18.62,101.4,65.84748763,OFF
72,37,69,17.84,18.75,101.4,67.235765,OFF
87,13,64,17.74,18.88,101.4,73.02882766,OFF
1,26,29,17.61,19.24,101.4,68.23963161,ON
69,14,39,17.48,19.59,101.41,71.4065452,OFF
29,32,30,17.34,20.24,101.4,69.66256816,OFF
25,3,41,17.2,20.89,101.4,65.52279323,OFF
86,7,50,17.13,20.78,101.4,72.24230804,OFF
44,25,69,17.06,20.66,101.4,66.93065667,OFF
20,6,26,16.99,20.54,101.4,69.17281221,ON
70,20,52,16.92,20.43,101.4,70.08200379,OFF
38,29,22,16.88,20.51,101.41,69.75734306,ON
81,7,66,16.83,20.59,101.42,68.66813363,OFF
45,10,37,16.76,20.84,101.44,73.23901752,ON
35,23,39,16.69,21.08,101.46,67.10439401,ON
73,8,20,16.61,21.04,101.46,65.70148216,OFF
85,16,56,16.53,21,101.47,69.30772897,OFF
33,42,70,16.42,21.37,101.48,74.53557341,ON
52,35,65,16.32,21.74,101.48,73.28712806,ON
26,36,25,16.26,21.83,101.48,66.53946559,ON
41,1,34,16.21,21.92,101.47,66.38448261,OFF
83,39,30,16.12,21.69,101.48,68.69420397,ON
13,6,45,16.04,21.46,101.48,71.55665483,ON
52,24,47,15.98,21.33,101.49,71.06611222,ON
37,0,34,15.93,21.2,101.5,73.01026829,OFF
75,17,58,15.87,21.07,101.51,67.92204319,OFF
72,36,31,15.82,20.94,101.51,65.06962486,ON
46,2,48,15.77,20.81,101.51,71.18289431,ON
66,41,53,15.75,20.58,101.52,67.03840888,ON
39,32,39,15.73,20.34,101.52,74.40198861,OFF
57,8,40,15.83,19.93,101.52,65.3973168,OFF
31,4,57,15.93,19.52,101.53,65.70430027,OFF
72,28,44,15.8,20.02,101.54,71.43001582,OFF
36,43,27,15.67,20.51,101.54,73.34232097,ON
73,34,59,15.84,20.6,101.54,68.68895899,ON
5,37,69,16.02,20.7,101.55,70.95666003,ON
9,30,49,16.5,20.4,101.56,74.62834921,OFF
29,23,26,16.98,20.09,101.57,67.3917379,ON
45,34,37,17.33,20.23,101.58,65.01095312,ON
48,17,55,17.67,20.37,101.59,71.29813872,OFF
14,27,53,18.08,20.34,101.59,66.13442813,OFF
7,6,56,18.49,20.31,101.59,65.2982112,OFF
13,29,65,18.97,19.9,101.6,71.63437433,ON
70,27,31,19.45,19.48,101.6,71.60102999,OFF
35,4,33,19.94,18.84,101.6,73.55807954,ON
86,31,47,20.43,18.21,101.61,67.15094741,OFF
13,7,60,21.11,17.32,101.62,65.90227462,OFF
8,16,32,21.79,16.42,101.62,70.68098614,ON
42,7,69,22.47,15.52,101.62,67.2739864,ON
69,30,49,23.15,14.63,101.63,74.03030056,ON
20,26,42,23.62,13.76,101.64,74.10225057,ON
52,3,45,24.09,12.88,101.65,65.80006004,OFF
71,41,28,24.51,12.16,101.66,73.67984885,ON
63,14,25,24.92,11.45,101.67,66.05911698,OFF
4,20,69,25.36,10.8,101.67,69.706113,ON
60,26,29,25.8,10.15,101.67,66.48490371,OFF
54,27,48,26.16,9.66,101.67,74.08101744,ON
83,15,22,26.51,9.18,101.67,69.8671263,OFF
27,6,20,26.77,9.08,101.68,69.81855775,OFF
35,17,70,27.03,8.98,101.69,74.82144653,ON
37,44,42,26.85,8.82,101.7,69.39630398,ON
12,37,35,26.67,8.66,101.7,69.30927185,ON
24,16,58,26.84,8.52,101.7,74.19664838,OFF
55,30,57,27.02,8.37,101.71,72.37127689,OFF
21,0,49,27.54,8.2,101.71,68.8503047,OFF
28,18,61,28.06,8.02,101.71,71.03001556,ON
12,42,29,28.17,7.72,101.71,69.92107482,ON
70,7,21,28.29,7.42,101.71,69.71518491,OFF
10,12,54,28.56,7.42,101.71,73.69529586,ON
32,9,24,28.84,7.43,101.71,66.57462809,ON
36,28,26,28.85,7.18,101.72,69.27779761,ON
36,14,59,28.86,6.92,101.72,66.83113717,ON
40,12,32,28.82,6.84,101.71,70.31782647,ON
81,38,20,28.78,6.75,101.7,74.10919422,ON
60,15,22,29.16,6.45,101.7,73.06862952,OFF
63,36,60,29.55,6.15,101.69,66.34234944,OFF
52,13,62,29.6,6.02,101.68,73.77063744,ON
12,8,27,29.64,5.88,101.68,70.75633584,OFF
31,0,67,30.02,5.92,101.67,74.46411148,OFF
70,30,70,30.39,5.96,101.66,69.92092839,ON
77,31,35,30.74,5.86,101.66,69.44115171,OFF
65,18,62,31.08,5.76,101.65,71.40043037,OFF
42,14,23,31.25,5.68,101.64,68.42802444,ON
79,43,39,31.42,5.61,101.62,66.70016285,OFF
84,6,59,31.27,5.5,101.61,70.42508897,OFF
52,21,38,31.12,5.38,101.6,66.5964488,ON
58,12,67,31.18,5.38,101.6,66.00817551,ON
65,34,69,31.24,5.37,101.6,53.65742581,ON
49,25,66,31.26,5.36,101.6,46.87420883,ON
32,39,68,31.28,5.35,101.59,57.04147057,ON
1,11,67,31.31,5.33,101.58,57.95826144,ON
4,11,38,31.33,5.32,101.58,41.87540028,ON
30,45,60,31.06,5.51,101.57,49.11618732,ON
67,43,21,30.79,5.7,101.56,57.79652846,OFF
89,19,49,30.52,5.88,101.55,59.46338556,ON
63,28,44,30.25,6.07,101.54,54.60159289,ON
24,33,20,30.17,6.1,101.53,44.07843475,OFF
70,6,52,30.08,6.12,101.52,57.72799157,OFF
37,23,37,30,6.15,101.51,53.78929956,OFF
45,30,52,29.92,6.18,101.5,57.57343233,ON
65,34,44,30.16,6.15,101.49,40.794305,OFF
1,44,37,30.41,6.13,101.48,43.08961827,ON
88,22,69,30.46,5.99,101.47,44.22066914,ON
63,37,28,30.51,5.85,101.46,57.74091817,ON
9,23,46,30.56,5.71,101.44,57.44942094,ON
56,33,40,30.61,5.57,101.43,58.79889057,OFF
20,5,61,30.65,5.52,101.42,44.20656987,ON
14,11,66,30.69,5.48,101.4,59.65590798,ON
80,31,30,30.73,5.44,101.39,49.48575692,ON
72,44,23,30.77,5.39,101.38,56.45229202,ON
86,25,48,30.68,5.08,101.38,40.12650421,OFF
29,38,47,30.59,4.77,101.37,46.05122728,OFF
61,11,43,30.66,4.9,101.36,46.85176955,OFF
70,18,31,30.72,5.04,101.36,48.32113628,OFF
24,3,54,30.84,5.18,101.35,57.23028471,OFF
8,11,69,30.95,5.31,101.35,55.29563514,ON
63,21,29,30.94,5.16,101.34,48.45978627,OFF
63,7,60,30.94,5.01,101.32,48.01138482,OFF
21,36,25,30.94,4.86,101.31,54.82963379,OFF
70,19,64,30.93,4.71,101.3,57.26773002,OFF
46,42,29,30.86,4.7,101.3,51.19470197,OFF
63,34,52,30.79,4.68,101.29,49.43050977,ON
66,32,67,31.02,4.69,101.29,53.33484977,OFF
90,42,51,31.25,4.7,101.29,44.3993381,ON
44,33,30,31.22,4.5,101.28,54.30660782,OFF
73,4,58,31.18,4.29,101.26,46.06193778,OFF
7,35,60,31.16,4.08,101.26,48.47833278,ON
4,23,67,31.14,3.87,101.26,56.47941847,ON
59,28,70,31.14,3.68,101.26,43.52897517,ON
58,14,51,31.13,3.49,101.26,42.10681516,OFF
1,10,66,30.9,3.74,101.26,57.40847165,ON
5,36,28,30.67,4,101.26,51.75212401,ON
87,2,47,30.75,4.18,101.26,57.05709413,OFF
34,24,48,30.83,4.36,101.25,58.48160844,OFF
27,0,32,30.8,4.54,101.25,55.74073582,OFF
41,39,28,30.76,4.73,101.25,55.49541453,ON
39,23,22,30.66,4.8,101.24,49.29456609,ON
4,45,21,30.55,4.86,101.24,49.08553937,ON
3,5,21,30.52,5.12,101.24,50.55710813,ON
35,13,26,30.49,5.37,101.25,54.65423596,OFF
82,12,67,30.4,6.02,101.25,51.70497792,OFF
90,33,34,30.32,6.68,101.25,48.11248366,OFF
5,31,61,30.23,6.68,101.26,51.26046418,ON
90,40,62,30.14,6.68,101.26,48.58241822,ON
42,15,21,30.04,6.67,101.26,54.22722466,OFF
54,14,40,29.95,6.67,101.27,56.39962921,ON
41,17,20,29.77,6.62,101.27,51.70699144,ON
46,43,31,29.59,6.57,101.26,56.34144589,ON
68,11,52,29.41,6.52,101.26,44.63907691,OFF
57,10,49,29.23,6.47,101.26,46.06382209,OFF
21,8,53,29.14,6.65,101.27,45.24690619,OFF
49,4,44,29.04,6.83,101.28,40.32161859,OFF
16,9,44,28.86,7,101.28,44.20899581,OFF
64,14,37,28.67,7.16,101.28,54.7657624,ON
32,34,27,28.52,7.02,101.28,48.31219031,ON
28,5,48,28.37,6.88,101.28,53.14626213,ON
45,27,29,28.2,7.06,101.28,49.52320689,OFF
14,45,34,28.04,7.23,101.28,58.97878791,OFF
35,25,23,27.83,7.58,101.28,46.59207341,ON
1,27,41,27.62,7.92,101.27,59.67927244,OFF
90,13,53,27.44,7.66,101.28,42.91292205,OFF
69,25,52,27.27,7.4,101.28,59.75980023,OFF
86,42,24,27.1,7.45,101.28,41.16554802,ON
60,35,44,26.94,7.5,101.28,51.51033554,OFF
4,15,56,26.78,7.56,101.28,47.81847573,OFF
41,3,28,26.63,7.61,101.28,50.78669728,ON
72,43,51,26.46,7.81,101.29,40.228644,ON
50,32,57,26.28,8.01,101.3,43.87712348,OFF
40,8,42,26.12,8.35,101.3,48.75859458,OFF
45,19,42,25.95,8.69,101.31,44.2068997,ON
17,11,26,25.88,8.72,101.32,57.51549686,ON
26,4,41,25.82,8.74,101.33,40.71210074,OFF
84,31,50,25.56,9.18,101.33,59.26519444,OFF
86,19,70,25.31,9.62,101.33,54.38748495,OFF
19,27,41,25.17,9.8,101.34,46.76837499,ON
58,3,69,25.04,9.99,101.34,47.46447019,ON
60,35,21,24.82,10.74,101.34,56.72496677,ON
25,34,49,24.59,11.5,101.35,48.99390828,ON
8,26,57,24.42,11.94,101.35,42.00660251,ON
90,44,69,24.26,12.39,101.36,54.49960057,OFF
86,15,59,24.22,12.2,101.38,56.31866159,OFF
26,10,25,24.17,12.02,101.39,47.72078245,OFF
14,19,35,24.06,12.16,101.4,58.28697664,ON
54,32,23,23.95,12.29,101.4,48.32428609,ON
6,12,43,23.88,12.62,101.4,41.53218699,ON
46,29,52,23.8,12.95,101.41,43.97193745,ON
12,22,44,23.67,13.3,101.42,58.54876687,ON
76,16,43,23.54,13.64,101.42,28.08253201,ON
7,23,44,23.4,14.01,101.43,26.32405487,OFF
76,37,61,23.26,14.38,101.44,22.52497327,ON
30,20,45,23.24,14.6,101.46,20.76223014,OFF
36,36,25,23.23,14.83,101.47,28.16057247,ON
19,33,43,23.2,15.02,101.48,26.26243014,ON
48,36,55,23.16,15.22,101.49,21.30290472,OFF
88,25,28,23.12,15.42,101.5,25.93496537,OFF
55,37,25,23.08,15.62,101.51,25.21609113,ON
13,41,48,22.94,15.93,101.52,26.23838511,ON
12,8,29,22.8,16.25,101.53,29.86681385,ON
80,20,37,22.72,16.38,101.54,29.1194739,ON
90,31,55,22.65,16.5,101.55,25.33014238,OFF
75,28,24,22.64,16.42,101.56,21.08484101,ON
55,12,41,22.64,16.33,101.56,21.58992507,ON
81,38,34,22.62,16.29,101.57,20.88620369,ON
79,33,58,22.6,16.26,101.58,26.83924845,ON
71,14,24,22.57,16.23,101.58,21.26034986,OFF
83,8,47,22.55,16.19,101.59,26.70581328,OFF
38,10,38,22.56,16.13,101.6,29.1102594,ON
44,0,62,22.58,16.08,101.6,28.78654515,OFF
11,34,35,22.35,16.72,101.6,23.66620626,ON
51,27,31,22.12,17.36,101.61,27.56918621,ON
88,6,60,21.86,18.24,101.61,27.95602304,OFF
13,8,30,21.6,19.11,101.61,20.36001144,ON
14,41,54,21.65,18.85,101.61,24.52020164,ON
26,5,38,21.69,18.58,101.61,23.69586761,ON
23,26,26,21.74,18.32,101.61,22.68766503,OFF
28,44,28,21.79,17.96,101.61,22.81863447,ON
47,29,31,21.84,17.6,101.61,28.70627683,OFF
22,8,41,21.74,18.12,101.61,26.52364146,OFF
85,18,42,21.65,18.64,101.61,23.44398467,ON
21,12,33,21.5,19.17,101.61,23.56130173,ON
89,33,69,21.35,19.7,101.61,29.44008034,OFF
34,18,69,21.24,19.93,101.61,28.69113835,ON
22,19,22,21.14,20.16,101.62,25.37828397,OFF
84,18,26,21.04,20.38,101.62,21.7508774,OFF
69,15,61,20.93,20.61,101.62,28.36535596,OFF
85,1,68,20.76,21.09,101.62,23.28207838,OFF
77,22,57,20.6,21.56,101.62,25.1290048,OFF
90,2,41,20.43,22.04,101.62,26.51924782,OFF
54,6,52,20.27,22.52,101.62,26.47844429,OFF
41,33,25,20.16,22.69,101.62,24.93861254,ON
3,19,61,20.04,22.86,101.63,21.19014526,OFF
35,42,64,19.85,23.16,101.63,20.21126747,ON
51,28,46,19.66,23.45,101.63,22.21807088,ON
28,24,35,19.52,23.48,101.63,20.49035619,ON
76,19,60,19.38,23.52,101.63,21.9653077,OFF
29,30,38,19.25,23.87,101.64,25.16359891,ON
33,39,21,19.12,24.22,101.64,23.49535234,ON
71,17,65,19.05,24.53,101.64,27.27899847,ON
48,4,64,18.97,24.84,101.63,26.30820876,ON
83,6,53,18.82,25.52,101.62,26.85422624,OFF
64,17,24,18.67,26.2,101.61,21.90440445,OFF
19,11,55,18.5,26.85,101.61,20.66127836,ON
16,15,51,18.32,27.5,101.61,20.76212031,ON
70,36,37,18.04,28.46,101.6,28.94766949,OFF
80,0,61,17.77,29.41,101.6,26.01909355,OFF
8,8,42,17.62,29.68,101.59,28.75226067,OFF
61,44,51,17.46,29.94,101.58,24.4514648,OFF
30,39,67,17.5,29.7,101.58,25.09484511,ON
24,26,54,17.53,29.47,101.59,22.84203589,ON
69,28,50,17.5,29.38,101.58,24.34814338,ON
60,36,32,17.46,29.29,101.58,20.39020503,OFF
37,4,51,17.5,29.07,101.58,21.17924769,OFF
35,45,60,17.53,28.85,101.59,21.0000988,ON
13,22,70,17.5,28.72,101.58,22.06207161,ON
4,6,39,17.46,28.59,101.58,27.8659442,OFF
30,27,32,17.52,28.2,101.57,27.5987178,ON
55,18,65,17.59,27.82,101.57,26.0365768,OFF
69,23,53,17.61,27.84,101.56,21.01796432,OFF
22,26,32,17.63,27.85,101.55,21.84869328,ON
88,26,66,17.5,28.1,101.54,24.15591199,ON
47,33,24,17.37,28.35,101.54,26.88372572,OFF
42,26,56,17.24,28.65,101.54,25.32159689,ON
81,14,32,17.1,28.94,101.54,21.61893763,ON
56,2,25,17.09,28.78,101.54,24.05207925,OFF
76,26,70,17.08,28.63,101.54,22.25838137,ON
66,18,58,17.08,28.5,101.54,24.44267592,OFF
87,13,69,17.07,28.38,101.54,22.06994464,OFF
30,26,55,16.97,28.87,101.54,21.44532907,ON
78,24,44,16.87,29.36,101.54,28.83568362,ON
48,14,57,16.79,29.77,101.54,29.11187663,OFF
39,44,55,16.7,30.18,101.54,23.20076686,ON
83,29,33,16.62,30.59,101.54,23.28618248,OFF
84,20,60,16.51,30.44,101.54,24.84266123,OFF
54,42,64,16.39,30.28,101.54,24.69720481,ON
16,8,69,16.3,30.04,101.54,27.26588346,OFF
73,42,60,16.22,29.79,101.54,26.48240255,OFF
57,29,65,16.24,29.08,101.54,27.14509034,ON
32,36,23,16.25,28.38,101.55,20.76582087,ON
81,2,62,16.25,27.9,101.56,27.21244021,OFF
47,31,67,16.25,27.42,101.56,28.22908103,ON
54,38,60,16.19,27.24,101.56,28.98574189,OFF
27,24,30,16.13,27.05,101.56,25.08146686,OFF
60,24,66,16.1,26.97,101.56,21.13545688,ON
37,3,33,16.07,26.89,101.56,24.20007242,OFF
58,18,53,16.08,26.89,101.56,23.0362503,OFF
57,8,39,16.08,26.89,101.56,23.65747461,ON
1,29,37,15.97,27.36,101.56,24.7458198,OFF
4,43,43,15.86,27.83,101.57,110.4317855,ON
39,35,57,15.72,28.24,101.57,114.0512495,OFF
44,19,54,15.58,28.64,101.57,116.0396587,OFF
70,17,40,15.5,28.49,101.56,122.233323,ON
62,38,50,15.41,28.34,101.56,116.0777931,ON
83,36,65,15.4,27.84,101.56,117.7296726,ON
66,6,67,15.38,27.33,101.57,105.5473627,ON
70,11,29,15.48,26.62,101.57,121.1349176,OFF
32,5,59,15.59,25.91,101.57,117.0761277,OFF
20,6,49,15.55,25.86,101.57,112.6676589,ON
51,5,65,15.51,25.81,101.58,106.1417017,ON
9,2,38,15.48,25.92,101.58,123.5977843,ON
53,33,63,15.44,26.03,101.59,108.183792,ON
45,43,34,15.38,26.34,101.6,105.3558408,ON
68,22,44,15.32,26.65,101.6,104.2298028,OFF
77,40,40,15.24,27.14,101.61,102.2648546,ON
79,1,46,15.17,27.63,101.62,104.4267991,OFF
64,11,54,15.02,28.05,101.62,108.3405879,OFF
50,27,43,14.87,28.47,101.63,114.8407725,ON
39,2,32,14.78,29.08,101.64,104.6472986,ON
27,19,25,14.69,29.69,101.64,107.8737015,OFF
79,6,45,14.54,30.3,101.66,121.4977331,OFF
63,7,70,14.39,30.92,101.67,109.8852597,OFF
34,28,53,14.28,31.22,101.68,115.1781396,ON
12,5,46,14.17,31.52,101.68,119.1025189,ON
86,21,25,14.13,31.65,101.69,109.0658471,OFF
60,19,20,14.08,31.77,101.69,105.6941544,OFF
46,5,44,14.04,31.9,101.7,107.855225,OFF
70,32,41,14,31.96,101.7,102.8017203,ON
69,24,62,13.95,32.02,101.71,104.5086618,OFF
21,21,24,13.97,32.15,101.72,107.1728191,OFF
12,21,25,13.99,32.27,101.72,108.6211833,ON
43,7,40,14.12,32.22,101.73,122.1952483,OFF
5,11,37,14.24,32.16,101.74,104.5412275,ON
47,2,60,14.4,32.26,101.74,101.8474768,OFF
48,34,55,14.57,32.37,101.75,124.3915101,ON
79,36,29,14.82,32.42,101.76,116.7366261,OFF
51,10,53,15.08,32.47,101.76,120.1593771,OFF
2,23,46,15.57,31.96,101.76,107.1843273,ON
17,33,37,16.05,31.45,101.77,120.4359949,ON
77,29,39,16.66,30.06,101.78,112.3126628,OFF
25,21,25,17.28,28.66,101.78,123.5900822,OFF
7,7,25,18.06,27.2,101.79,105.0241329,OFF
64,38,58,18.83,25.73,101.8,102.8045658,ON
24,28,53,19.46,24.42,101.8,124.9831618,ON
13,31,43,20.1,23.12,101.8,117.6102915,ON
46,27,44,20.86,21.68,101.8,120.0586671,ON
68,7,54,21.61,20.23,101.81,100.6192543,OFF
47,12,61,22.07,18.44,101.81,121.8961665,OFF
2,19,68,22.53,16.66,101.81,112.8954016,OFF
67,2,64,23.02,15.48,101.81,113.0688155,ON
26,11,40,23.5,14.3,101.81,107.9868949,ON
87,41,20,24.02,13.69,101.81,111.7763395,OFF
23,7,33,24.53,13.08,101.81,114.7399101,ON
46,10,36,24.72,12.77,101.82,124.2179699,OFF
30,40,68,24.91,12.46,101.82,105.0508234,ON
72,18,22,25.44,12.12,101.82,105.4004751,OFF
56,2,51,25.97,11.78,101.83,100.9343903,OFF
69,30,42,25.84,11.72,101.82,109.5966791,OFF
42,25,45,25.7,11.66,101.82,116.6912176,ON
29,21,58,26.18,11.26,101.82,118.3979065,OFF
6,15,38,26.66,10.86,101.82,117.5314026,ON
48,41,59,27.26,10.27,101.82,109.5852253,ON
44,5,28,27.85,9.69,101.83,103.6838922,OFF
80,38,39,28.02,8.84,101.82,103.0548094,OFF
30,22,44,28.18,8,101.82,114.7412734,ON
41,11,21,27.94,7.82,101.82,116.9256766,OFF
61,13,67,27.7,7.65,101.81,116.7036582,ON
28,6,59,27.99,7.49,101.8,109.3383552,OFF
13,9,65,28.29,7.33,101.8,115.4789148,ON
14,13,47,28.46,7.1,101.8,115.3830068,OFF
31,31,56,28.62,6.86,101.81,107.7697413,OFF
50,22,54,28.69,6.7,101.8,105.8554351,OFF
30,12,31,28.76,6.53,101.8,104.9116663,ON
80,12,27,29.06,6.48,101.8,122.1449949,OFF
35,38,20,29.36,6.42,101.8,121.6622761,ON
4,6,28,29.74,6.24,101.8,118.6044645,ON
79,24,53,30.12,6.06,101.8,108.2166601,OFF
66,30,59,29.8,5.84,101.8,121.6961761,OFF
15,3,22,29.49,5.61,101.79,102.5565807,ON
67,24,37,29.6,5.45,101.78,122.5391946,ON
4,13,27,29.71,5.29,101.78,107.0289866,ON
65,42,29,29.85,5.05,101.76,117.6602827,OFF
63,2,40,29.99,4.81,101.75,100.825956,OFF
67,5,62,30.1,4.72,101.74,112.9203223,OFF
61,6,43,30.2,4.62,101.73,123.6495149,OFF
39,16,49,30.44,4.26,101.73,118.6832725,OFF
33,12,66,30.68,3.9,101.73,113.7759219,ON
45,44,41,30.62,3.66,101.72,113.9760462,ON
24,10,54,30.56,3.43,101.71,110.712841,OFF
55,9,51,30.62,3.38,101.7,102.7230739,ON
41,38,22,30.67,3.33,101.69,116.7431319,ON
72,30,37,30.78,3.38,101.68,122.7418744,ON
10,17,65,30.88,3.44,101.66,113.0381382,ON
52,21,32,30.71,3.4,101.66,110.9804014,OFF
75,44,27,30.54,3.35,101.65,119.6335548,OFF
90,30,45,30.44,3.14,101.64,100.1173443,OFF
28,16,59,30.34,2.92,101.63,120.6310784,OFF
62,6,60,30.49,2.99,101.62,115.3611268,OFF
60,39,70,30.64,3.06,101.62,124.4683112,OFF
74,0,36,30.8,3.14,101.61,119.035002,OFF
44,6,35,30.95,3.21,101.6,101.2847738,ON
60,6,63,31.09,3.11,101.59,111.2266885,OFF
65,32,24,31.22,3.02,101.58,114.6659511,OFF
14,22,46,31.36,2.92,101.58,111.1727497,ON
32,12,47,31.5,2.82,101.57,114.1339416,OFF
84,41,61,31.47,2.79,101.56,112.5424199,OFF
42,18,44,31.44,2.76,101.56,114.4161786,ON
73,39,43,31.41,2.72,101.55,106.0711985,ON
55,42,21,31.38,2.69,101.54,102.6958703,ON
17,43,46,31.35,2.58,101.53,118.4901697,ON
61,21,52,31.32,2.46,101.52,117.3695296,ON
32,6,57,31.56,2.41,101.51,109.6894658,ON
89,32,67,31.8,2.35,101.5,100.1961762,OFF
24,6,51,31.72,2.28,101.5,116.3796525,OFF
43,28,63,31.64,2.21,101.49,111.7803734,ON
44,42,51,31.74,2.22,101.48,103.5684926,ON
60,1,49,31.84,2.22,101.47,102.835632,OFF
44,9,43,31.86,2.22,101.46,103.923226,OFF
80,34,56,31.89,2.21,101.45,111.2948115,OFF
44,11,32,32.11,1.98,101.44,101.4705704,OFF
6,36,47,32.33,1.76,101.43,116.450422,ON
50,13,39,32.09,2.18,101.42,105.2132259,ON
53,12,26,31.85,2.61,101.41,110.3332655,OFF
42,45,31,31.88,2.83,101.4,110.6823944,ON
55,8,24,31.92,3.05,101.4,115.7659902,OFF
40,31,27,31.8,2.78,101.4,117.3688104,ON
1,16,41,31.67,2.52,101.39,115.5683776,ON
14,42,69,31.72,2.52,101.38,110.2223123,ON
47,37,70,31.76,2.52,101.37,119.1709113,ON
75,38,21,31.8,2.54,101.36,113.3302105,OFF
14,21,48,31.85,2.57,101.36,116.7173125,ON
38,37,55,31.85,2.34,101.35,108.4161706,ON
74,19,42,31.84,2.12,101.35,119.3941064,OFF
24,17,24,31.74,2.31,101.34,116.5084074,OFF
30,23,44,31.63,2.5,101.34,116.8130969,ON
23,44,50,31.51,2.32,101.34,106.8118019,ON
67,12,31,31.39,2.13,101.34,119.6946577,OFF
7,0,69,31.4,2.04,101.34,112.9834361,ON
51,44,42,31.42,1.94,101.34,117.5293447,ON
86,32,54,31.39,1.86,101.34,103.5771468,ON
18,31,51,31.36,1.79,101.35,109.8585753,OFF
4,9,34,31.2,1.8,101.35,119.3936976,OFF
35,34,45,31.05,1.8,101.36,112.7194284,ON
22,32,62,30.98,2.08,101.36,102.1906333,ON
8,15,51,30.9,2.36,101.36,115.9787989,ON
23,34,28,30.83,2.63,101.36,107.9873218,ON
41,14,59,30.76,2.91,101.36,101.5164589,OFF
57,1,41,30.52,3.09,101.36,100.1967854,OFF
18,22,50,30.27,3.27,101.36,108.8289171,ON
70,34,32,30.22,3.38,101.36,104.4224145,OFF
77,42,32,30.17,3.5,101.36,115.3560318,ON
37,35,42,30.06,3.46,101.36,102.4550786,ON
9,38,35,29.94,3.42,101.36,112.5090516,ON
1,23,58,29.86,3.34,101.37,109.7571416,ON
40,34,47,29.77,3.26,101.38,112.6738296,ON
67,43,21,29.59,3.03,101.38,102.944161,ON
13,1,22,29.41,2.8,101.39,109.4711098,ON
28,42,30,29.28,2.9,101.4,105.3437825,ON
26,15,27,29.14,2.99,101.4,109.1549823,OFF
85,31,68,28.99,2.84,101.4,111.7793889,OFF
25,41,54,28.84,2.69,101.4,107.4142681,ON
77,1,33,28.78,2.8,101.4,118.0069295,ON
54,39,31,28.72,2.92,101.41,106.2944879,ON
45,34,67,28.4,4.94,101.42,111.8391951,ON
52,19,28,28.09,6.96,101.42,106.2696156,ON
14,17,20,27.8,7.74,101.43,117.6236473,ON
31,38,49,27.52,8.53,101.44,109.7513927,OFF
84,26,47,27.42,8.8,101.44,113.1169398,OFF
70,32,35,27.32,9.06,101.45,116.7555937,OFF
20,13,66,27.2,9.34,101.46,110.6857506,OFF
41,13,50,27.07,9.62,101.47,119.3916718,OFF
2,23,31,27.01,9.78,101.48,106.060149,ON
64,29,57,26.94,9.94,101.49,112.7715925,ON
39,36,51,26.96,9.64,101.5,117.9733424,OFF
11,28,60,26.97,9.33,101.5,104.7052254,ON
39,43,47,27.32,7.38,101.5,108.0638166,ON
15,10,28,27.67,5.43,101.51,106.6955204,OFF
35,27,37,27.67,5.49,101.52,108.0054343,ON
34,8,60,27.67,5.56,101.52,100.1737964,OFF
17,19,56,27.52,5.82,101.52,101.1456947,OFF
60,30,67,27.38,6.08,101.53,101.139435,ON
65,39,45,27.35,6.02,101.54,115.5650287,ON
77,30,27,27.32,5.97,101.54,113.25373,OFF
15,33,27,27.2,6.12,101.54,106.362551,ON
41,23,25,27.07,6.27,101.55,101.4819888,OFF
34,29,65,26.97,6.3,101.56,110.0447896,ON
57,30,47,26.86,6.32,101.56,109.9455062,OFF
78,37,61,26.76,6.35,101.57,117.1311498,OFF
90,10,49,26.66,6.38,101.58,115.1989301,OFF
56,7,63,26.66,6.04,101.58,100.7896871,OFF
39,26,40,26.66,5.7,101.58,108.0230792,ON
58,25,37,26.62,5.4,101.58,107.4287664,ON
32,24,44,26.59,5.11,101.59,116.8020848,ON
38,14,46,26.52,5.11,101.6,118.3271968,ON
27,32,34,26.44,5.1,101.6,113.328978,ON
11,39,59,26.39,4.96,101.62,114.3117197,ON
49,9,44,26.34,4.81,101.63,113.9995146,OFF
1,26,23,26.26,4.88,101.64,107.0862095,ON
87,24,35,26.18,4.95,101.64,103.2005992,OFF
57,11,61,26.13,4.87,101.64,243.0745066,ON
90,28,70,26.08,4.79,101.63,88.46607497,OFF
75,8,52,26.04,4.62,101.63,119.2653877,OFF
2,7,44,26.01,4.46,101.63,235.6133585,ON
47,27,44,25.96,4.42,101.64,196.2408242,ON
54,21,23,25.91,4.38,101.64,203.4044028,ON
20,18,24,25.82,4.42,101.64,197.5282582,ON
76,31,38,25.74,4.45,101.64,191.7760562,ON
85,16,22,25.62,4.58,101.65,202.0572747,OFF
38,31,47,25.5,4.7,101.65,186.6762324,ON
10,32,69,25.42,4.75,101.66,197.402901,ON
8,34,42,25.35,4.8,101.66,47.271547,OFF
14,31,59,25.22,5.07,101.66,232.7046126,ON
45,33,66,25.1,5.35,101.67,63.62250788,ON
30,22,50,25,5.51,101.67,141.1736926,OFF
35,3,33,24.91,5.66,101.67,172.4788062,ON
84,30,31,24.81,5.82,101.68,77.71566883,OFF
63,33,67,24.71,5.98,101.68,78.85085502,ON
16,31,49,24.62,6.13,101.68,149.9107557,ON
19,20,57,24.52,6.29,101.68,105.8841531,ON
26,6,29,24.2,7.56,101.68,51.07048113,OFF
82,24,35,23.87,8.83,101.69,62.62377075,OFF
51,23,37,23.64,9.57,101.7,110.562229,ON
74,39,30,23.41,10.32,101.71,238.5008779,OFF
3,43,42,23.22,10.48,101.72,132.7923586,OFF
31,17,61,23.04,10.64,101.72,206.3999208,OFF
8,7,21,23.06,10.32,101.72,248.8592986,ON
82,23,28,23.09,10,101.71,127.2509777,OFF
56,25,55,23.3,9.22,101.71,120.9512466,ON
21,33,50,23.51,8.43,101.71,122.7628653,ON
87,39,25,23.62,8.25,101.7,64.4478499,ON
48,28,36,23.72,8.06,101.7,40.35153141,ON
14,23,46,23.6,8.24,101.7,209.8678411,OFF
90,11,51,23.49,8.41,101.7,59.49373381,OFF
21,29,51,23.37,8.59,101.7,117.8201907,ON
75,45,69,23.26,8.77,101.7,98.54047745,ON
12,43,36,23.15,8.95,101.71,182.026807,ON
71,9,62,23.03,8.96,101.7,207.0735119,OFF
44,8,33,22.91,8.96,101.7,74.876786,ON
62,5,29,22.82,9.1,101.7,218.2299187,OFF
82,21,34,22.72,9.23,101.69,179.2720807,OFF
19,34,65,22.6,9.38,101.69,183.49095,ON
71,35,45,22.47,9.52,101.69,78.8099639,ON
21,32,20,22.46,9.68,101.68,103.8235658,ON
38,20,69,22.44,9.85,101.68,165.7412972,ON
13,41,54,22.38,10.14,101.68,136.8277041,ON
79,33,61,22.32,10.43,101.68,48.83810592,ON
20,4,60,22.2,10.66,101.68,199.3096432,OFF
52,26,56,22.07,10.9,101.67,214.4103848,ON
58,5,57,21.9,11.07,101.66,63.68794608,ON
2,6,53,21.74,11.23,101.66,211.8529059,ON
16,12,44,21.74,10.96,101.66,209.4083305,ON
42,16,28,21.73,10.7,101.65,181.527598,ON
56,20,35,21.56,10.82,101.64,97.26336657,ON
8,1,59,21.4,10.95,101.64,163.9069365,OFF
66,18,51,21.24,11.08,101.63,63.35298768,ON
28,22,22,21.07,11.2,101.62,54.01872359,OFF
90,18,39,20.91,11.66,101.62,79.27201575,ON
51,4,65,20.75,12.13,101.63,246.3613268,OFF
51,25,34,20.57,12.82,101.63,231.5153161,ON
28,10,54,20.39,13.5,101.62,135.1694525,OFF
38,41,54,20.21,14.18,101.62,114.778071,ON
51,32,31,20.03,14.87,101.62,144.6656444,ON
17,23,47,20.04,14.65,101.62,75.95295,OFF
68,38,33,20.04,14.43,101.62,115.8163936,OFF
5,29,67,20.15,13.78,101.62,71.73759526,ON
3,9,27,20.26,13.13,101.63,41.5856585,ON
37,21,26,20.44,12.55,101.62,75.24521981,ON
62,27,61,20.63,11.96,101.62,87.53393983,OFF
43,32,53,20.62,11.86,101.62,141.3381168,OFF
79,2,53,20.61,11.77,101.62,82.83061083,OFF
31,24,62,20.6,11.68,101.61,149.8488208,OFF
20,23,45,20.59,11.58,101.61,161.6892093,ON
16,13,63,20.5,11.7,101.6,88.1300769,OFF
67,25,26,20.41,11.83,101.6,172.3458448,OFF
69,19,62,20.38,11.78,101.6,218.142147,OFF
62,25,27,20.36,11.72,101.6,93.7942847,OFF
38,38,31,20.33,11.66,101.59,210.2735346,ON
7,6,37,20.3,11.61,101.59,234.8466111,OFF
15,30,33,20.29,11.51,101.58,52.95477913,ON
80,8,57,20.28,11.41,101.58,159.6577388,OFF
74,12,69,20.11,11.74,101.58,62.68710535,OFF
3,30,22,19.94,12.08,101.59,174.4012337,OFF
79,29,51,19.87,12.1,101.59,241.8202079,OFF
22,31,70,19.8,12.11,101.59,240.4795923,ON
33,14,23,19.77,12,101.59,126.8069869,OFF
15,8,63,19.75,11.88,101.59,92.11877372,OFF
48,34,55,19.69,11.91,101.6,234.496633,ON
84,26,30,19.62,11.94,101.6,46.44279118,OFF
25,43,54,19.56,11.92,101.6,62.50689682,ON
58,18,42,19.5,11.89,101.59,108.4103158,ON
27,32,56,19.34,12.19,101.59,218.0908814,ON
85,14,34,19.17,12.5,101.59,104.4218596,ON
85,6,30,19,12.8,101.59,240.6863901,OFF
18,16,36,18.84,13.1,101.59,54.77830202,OFF
72,33,50,18.76,13.29,101.59,149.1199989,OFF
60,24,50,18.69,13.48,101.59,102.2708231,ON
81,24,45,18.64,13.63,101.6,239.7427554,ON
77,34,25,18.59,13.78,101.6,188.5181422,OFF
32,44,49,18.54,13.97,101.6,208.3357976,ON
29,2,47,18.48,14.16,101.61,224.5903664,OFF
56,38,66,18.43,14.35,101.61,224.3206759,ON
33,34,52,18.27,14.82,101.61,151.0761899,ON
42,27,43,18.12,15.29,101.61,179.8248944,OFF
84,35,27,18.08,15.52,101.61,181.6942283,OFF
69,40,60,18.03,15.74,101.61,184.7624496,ON
45,27,28,17.98,15.89,101.62,150.9502632,OFF
26,10,52,17.92,16.04,101.62,147.8888994,OFF
62,33,61,17.83,16.26,101.63,178.8116076,ON
30,41,54,17.74,16.47,101.64,189.6711349,ON
62,16,70,17.67,16.56,101.65,145.5414413,ON
13,33,37,17.61,16.65,101.65,198.8234862,ON
30,17,46,17.56,16.77,101.66,144.3331315,OFF
44,27,24,17.51,16.89,101.68,157.9171537,ON
83,43,29,17.44,16.97,101.69,215.9195049,ON
30,37,48,17.37,17.05,101.7,204.7206567,OFF
19,26,62,17.3,17.12,101.7,199.7936345,ON
44,1,28,17.23,17.2,101.71,172.0540491,OFF
24,33,23,17.19,17.26,101.72,218.0055713,ON
34,38,28,17.15,17.32,101.72,157.2388553,ON
30,44,20,17.16,17.38,101.72,171.7575545,ON
4,28,55,17.17,17.43,101.72,172.4813641,ON
27,32,50,17.33,17.28,101.72,156.6732553,ON
82,9,43,17.49,17.14,101.73,205.5463111,OFF
55,38,25,17.72,16.95,101.74,150.0500312,ON
22,42,23,17.95,16.77,101.74,171.6262299,ON
6,27,58,18.32,16.38,101.74,142.9403233,ON
85,14,24,18.68,15.98,101.73,178.9635457,OFF
12,25,39,19.16,15.18,101.73,209.8453993,OFF
65,15,49,19.64,14.38,101.73,149.2433497,OFF
85,33,44,20.19,13.74,101.74,132.1491176,OFF
20,30,21,20.74,13.09,101.75,134.8419069,ON
77,27,57,21.2,12.46,101.76,194.9022136,ON
77,22,49,21.67,11.82,101.76,171.9457959,ON
68,43,37,22.14,11.19,101.77,204.9603677,ON
77,13,47,22.6,10.56,101.78,160.7306991,OFF
18,13,60,23.08,10.22,101.78,218.5241851,ON
43,33,20,23.56,9.87,101.78,218.080385,ON
49,44,21,24,9.64,101.78,208.1181381,ON
2,9,43,24.45,9.42,101.79,194.3100272,ON
41,21,50,24.6,9.2,101.8,145.4172387,OFF
12,44,50,24.74,8.99,101.81,160.389421,ON
44,43,23,24.92,8.8,101.81,156.7650823,ON
66,30,36,25.1,8.61,101.81,165.8092179,ON
89,0,41,25.34,8.38,101.82,192.7678575,OFF
50,31,33,25.58,8.16,101.82,150.2012138,ON
45,8,32,25.7,8,101.82,144.6261698,ON
43,16,43,25.81,7.84,101.83,174.796583,OFF
1,9,38,26.09,7.8,101.83,211.2506267,ON
56,16,39,26.37,7.76,101.83,224.7006953,OFF
26,8,22,26.49,7.68,101.82,135.4186222,OFF
79,35,29,26.61,7.6,101.82,162.8432736,ON
38,32,67,26.71,7.39,101.83,131.2451414,ON
41,11,47,26.81,7.18,101.84,145.0583117,OFF
9,37,54,26.84,7.11,101.84,199.8778403,ON
81,37,53,26.88,7.04,101.84,214.4128874,OFF
32,25,53,27.26,6.96,101.84,145.9298935,OFF
80,2,61,27.63,6.88,101.85,171.6516396,OFF
31,16,38,27.48,6.98,101.84,131.2116167,ON
23,21,40,27.34,7.09,101.84,222.803013,OFF
56,10,63,27.58,7.08,101.84,157.7592626,OFF
40,12,47,27.83,7.06,101.84,141.3220576,OFF
89,25,64,28.08,7.05,101.83,205.5720367,OFF
67,45,54,28.32,7.04,101.83,131.0900076,ON
53,43,51,28.24,6.65,101.83,201.8258633,ON
21,15,70,28.16,6.27,101.83,224.4016682,OFF
44,25,65,28.32,6.22,101.82,191.006688,ON
30,18,33,28.48,6.16,101.81,215.1968037,ON
13,38,41,28.66,6.01,101.82,212.867626,ON
59,36,59,28.84,5.86,101.82,167.0470997,ON
30,42,42,28.76,6.04,101.82,142.1430003,ON
22,15,28,28.67,6.22,101.81,147.1682459,OFF
44,26,28,29.02,6,101.81,148.8398374,ON
40,9,29,29.36,5.79,101.81,134.1279669,OFF
10,29,27,29.26,6,101.8,192.9036306,ON
39,16,38,29.17,6.21,101.78,191.2996157,OFF
35,28,65,28.94,6.14,101.77,134.8370348,ON
36,39,27,28.72,6.07,101.76,143.533473,ON
1,26,41,29.1,5.97,101.76,178.7297725,ON
43,30,49,29.48,5.87,101.75,144.1571109,ON
37,12,41,29.32,5.81,101.74,182.4482352,ON
16,17,33,29.15,5.75,101.72,224.8315729,ON
16,16,25,29.4,5.54,101.71,148.3003692,ON
26,43,23,29.64,5.34,101.7,195.4115025,OFF
72,9,62,29.6,5.35,101.7,209.540094,OFF
65,34,47,29.56,5.36,101.69,164.9182225,OFF
3,2,30,29.82,5.3,101.68,213.9011021,ON
77,33,53,30.09,5.24,101.67,131.3387935,ON
61,9,47,30.11,5.26,101.66,135.1272491,OFF
19,14,55,30.13,5.28,101.65,174.6256481,ON
9,40,27,30.06,5.26,101.64,154.0621221,ON
6,0,36,29.98,5.25,101.63,165.8248732,OFF
78,4,34,30.22,5.04,101.62,225.6323656,OFF
57,14,49,30.46,4.84,101.62,188.9252083,ON
7,45,59,30.7,4.64,101.61,221.2258168,ON
76,4,60,30.94,4.43,101.6,203.9283708,OFF
15,21,36,30.9,4.5,101.6,191.7723087,OFF
75,39,37,30.86,4.56,101.59,149.2220255,ON
71,12,20,30.81,4.62,101.58,152.4238712,OFF
20,35,54,30.77,4.69,101.58,166.5712879,ON
76,36,34,30.82,4.69,101.57,90.8022356,OFF
17,43,45,30.87,4.7,101.56,71.29581071,ON
42,3,69,30.92,4.7,101.54,90.75616738,OFF
44,17,47,30.97,4.7,101.53,89.76050416,ON
58,39,62,30.99,4.25,101.52,88.43618918,ON
56,26,38,31.02,3.8,101.51,78.58494391,ON
14,2,46,31.06,3.9,101.5,96.32600992,ON
46,43,55,31.09,4,101.49,64.23026638,ON
43,35,70,31.08,4.02,101.48,72.49800885,ON
5,21,69,31.06,4.03,101.47,71.94608134,ON
53,23,22,31.08,4.04,101.46,71.84080724,ON
70,39,23,31.09,4.04,101.46,79.81328183,OFF
34,9,28,31.16,3.92,101.46,69.91563467,OFF
57,6,20,31.23,3.8,101.45,89.799462,ON
48,40,21,31.16,3.76,101.45,90.94342484,ON
38,19,41,31.1,3.73,101.45,64.02949379,OFF
6,25,69,30.96,3.86,101.44,86.76287924,ON
9,32,38,30.81,3.99,101.43,69.08056728,ON
46,35,56,30.85,3.78,101.43,86.06411872,ON
51,38,50,30.9,3.57,101.42,89.1188212,ON
62,4,31,30.96,3.91,101.42,99.36898373,OFF
65,16,67,31.01,4.25,101.42,78.59595817,ON
52,37,61,30.84,4.01,101.42,86.00758678,ON
88,4,39,30.68,3.77,101.41,93.46595573,OFF
59,1,55,30.81,3.94,101.41,95.0191318,OFF
52,43,52,30.94,4.11,101.41,87.54004943,ON
24,6,28,30.8,4.14,101.4,81.49543437,OFF
64,33,69,30.67,4.17,101.4,67.05961949,OFF
68,0,56,30.59,4.43,101.4,86.55517751,OFF
87,23,24,30.52,4.69,101.4,64.61444234,OFF
77,3,25,30.44,4.95,101.41,71.67870701,OFF
26,14,63,30.36,5.21,101.41,79.56866268,ON
15,19,63,30.2,5.5,101.42,80.36146974,ON
22,37,67,30.05,5.8,101.42,97.10087029,ON
81,20,28,29.9,6.09,101.43,88.54479121,OFF
26,24,52,29.74,6.38,101.43,88.94245493,ON
46,16,41,29.57,6.22,101.43,90.42224164,OFF
56,43,38,29.4,6.05,101.43,80.96157332,ON
58,6,43,29.31,6.14,101.43,84.63148859,OFF
38,1,45,29.22,6.23,101.43,61.82980133,OFF
54,31,70,29.08,6.43,101.43,65.0247867,ON
88,39,34,28.94,6.62,101.43,90.41694635,OFF
24,32,48,28.76,7.33,101.42,81.05902285,ON
80,42,50,28.58,8.04,101.41,99.93100821,OFF
32,32,63,28.46,7.81,101.41,91.9223468,ON
29,45,58,28.33,7.58,101.41,75.13617229,ON
47,11,39,28.2,8.04,101.42,90.4547185,ON
25,36,28,28.08,8.49,101.42,78.82199603,ON
38,26,53,27.78,9.82,101.43,80.03995829,ON
89,11,56,27.48,11.16,101.43,84.62419032,OFF
45,10,50,27.28,11.72,101.44,77.55176318,ON
11,23,40,27.07,12.28,101.45,86.84998693,ON
18,36,50,26.94,12.36,101.46,70.65644296,ON
40,8,52,26.82,12.44,101.46,62.64174227,OFF
89,2,32,26.68,12.5,101.46,66.48339303,OFF
61,29,25,26.54,12.56,101.46,91.6389565,OFF
65,42,35,26.39,12.62,101.47,84.12536744,OFF
48,22,20,26.25,12.68,101.47,98.60457373,ON
55,45,30,26.12,12.64,101.47,67.08022574,ON
68,6,62,25.98,12.61,101.47,95.4262599,OFF
20,36,65,25.94,12.22,101.48,83.46532547,ON
76,31,28,25.89,11.82,101.48,65.54475812,ON
51,44,48,25.88,11.55,101.48,91.39578861,ON
88,36,46,25.88,11.28,101.49,66.19426787,ON
85,43,26,26.05,10.5,101.5,60.65381719,OFF
31,0,68,26.22,9.73,101.51,93.51042684,OFF
42,32,44,26.12,9.66,101.51,70.40557612,ON
6,11,30,26.01,9.6,101.51,76.13090645,ON
63,33,38,25.94,9.38,101.52,62.5138867,OFF
82,36,24,25.87,9.17,101.53,66.26555904,OFF
14,20,68,25.78,9.24,101.54,61.94626051,ON
66,13,62,25.68,9.3,101.54,72.82902109,OFF
73,26,32,25.65,9.23,101.55,88.57395505,OFF
5,33,24,25.62,9.15,101.56,99.75336197,ON
84,0,57,25.64,9.02,101.56,90.07326633,OFF
18,11,30,25.66,8.9,101.57,70.97358303,OFF
70,28,33,25.44,9.18,101.57,76.88582484,OFF
40,26,29,25.21,9.46,101.58,74.14169043,OFF
33,39,60,25,9.82,101.6,99.39557151,OFF
50,15,39,24.8,10.18,101.61,60.79645852,ON
43,4,25,24.59,10.47,101.61,90.64770699,OFF
53,31,64,24.38,10.77,101.62,80.11272117,ON
71,9,25,24.17,11.06,101.62,97.76600619,OFF
57,3,33,24.02,11.34,101.62,85.24963302,OFF
46,16,27,23.87,11.63,101.63,93.50153555,ON
64,0,64,23.82,11.68,101.64,78.58488484,OFF
39,9,53,23.76,11.73,101.66,67.06459777,OFF
54,4,32,23.68,11.78,101.68,69.31153566,OFF
9,9,30,23.61,11.84,101.69,77.03421249,ON
37,32,30,23.44,12.12,101.7,71.85436078,ON
84,38,56,23.28,12.4,101.71,74.8984994,ON
4,10,61,22.99,13.38,101.72,92.23645249,ON
68,17,62,22.7,14.36,101.73,69.45072055,OFF
53,8,34,22.54,14.5,101.73,92.91915074,OFF
90,40,36,22.39,14.64,101.73,81.15072105,OFF
68,39,68,22.12,15.52,101.74,74.94136567,ON
30,14,41,21.86,16.41,101.74,91.49697481,ON
20,43,22,21.62,16.99,101.74,63.88079866,ON
4,5,23,21.39,17.58,101.75,76.63669195,ON
45,0,63,21.29,18.24,101.76,65.35747011,OFF
31,31,46,21.19,18.9,101.78,151.8869972,OFF
84,4,31,21.04,19.48,101.78,161.2469997,OFF
90,38,22,20.9,20.06,101.78,196.6249511,OFF
50,36,40,20.75,20.63,101.79,175.6086697,ON
41,36,41,20.6,21.21,101.79,190.4242157,ON
19,45,29,20.6,21.34,101.79,190.5577618,ON
40,3,24,20.6,21.46,101.8,185.7446728,OFF
31,19,27,20.6,21.58,101.8,169.1168028,ON
63,17,25,20.6,21.71,101.8,182.2685447,OFF
81,17,48,20.56,22.11,101.8,169.3388465,OFF
18,38,22,20.52,22.51,101.81,150.2498675,ON
17,44,63,20.49,22.91,101.82,189.4263485,ON
5,0,33,20.45,23.31,101.82,199.8362913,OFF
78,0,32,20.38,23.93,101.82,151.4935635,OFF
36,44,45,20.32,24.56,101.82,195.8645552,OFF
50,19,23,20.26,25.18,101.81,164.2697011,OFF
89,38,61,20.19,25.8,101.81,164.4970373,OFF
4,21,60,20.26,25.6,101.81,191.9649389,ON
51,3,70,20.34,25.4,101.81,169.8391177,OFF
85,33,51,20.3,25.64,101.8,181.2783964,OFF
45,5,52,20.26,25.87,101.8,153.8990984,OFF
69,36,70,20.16,25.92,101.8,174.7876411,OFF
54,27,27,20.07,25.96,101.8,173.1017097,ON
35,35,32,19.98,26.01,101.8,151.9035477,ON
31,35,22,19.88,26.06,101.8,184.9800516,ON
53,19,29,19.88,25.68,101.8,197.1220049,OFF
59,33,44,19.88,25.31,101.8,174.5071843,OFF
51,11,56,19.71,25.87,101.8,168.7848886,OFF
8,16,39,19.54,26.43,101.79,183.8270791,ON
3,36,62,19.37,26.42,101.78,180.1237765,ON
4,38,55,19.2,26.42,101.78,186.2337571,ON
49,7,69,19.19,26,101.78,150.3166152,ON
43,0,58,19.17,25.57,101.77,162.2847429,OFF
51,31,23,19.08,25.54,101.76,199.4766779,ON
78,30,51,18.98,25.51,101.75,184.4633281,ON
14,42,41,18.82,25.56,101.74,159.5718087,ON
15,19,35,18.66,25.6,101.73,167.7230632,ON
48,41,25,18.59,26.15,101.72,196.6587013,ON
73,42,41,18.52,26.7,101.71,166.1365886,OFF
41,23,36,18.67,25.99,101.7,153.6390212,ON
47,8,40,18.82,25.29,101.7,175.572958,OFF
89,39,48,18.76,25.27,101.69,197.2101782,OFF
84,2,68,18.71,25.25,101.68,196.469984,OFF
82,0,64,18.6,25.58,101.68,166.2160846,OFF
80,5,58,18.5,25.92,101.68,179.1630865,OFF
68,9,24,18.47,26.2,101.68,166.6415254,OFF
52,5,24,18.43,26.49,101.67,150.6326874,ON
9,0,26,18.4,26.77,101.67,163.3488091,ON
36,23,34,18.27,27.62,101.66,186.6898282,ON
35,12,61,18.14,28.47,101.66,176.1516409,OFF
18,25,31,17.81,29.67,101.65,168.0432282,OFF
49,10,31,17.48,30.87,101.64,155.3851533,OFF
53,8,31,17.37,30.96,101.65,193.2418382,ON
43,3,55,17.25,31.05,101.66,160.6217342,OFF
18,0,30,17.26,30.72,101.66,182.2582277,ON
2,43,70,17.27,30.4,101.65,152.6194403,OFF
56,44,31,17.24,30.34,101.65,181.2915605,ON
20,18,56,17.2,30.28,101.65,189.9711184,ON
57,2,44,17.14,30.21,101.65,177.2233048,OFF
27,11,63,17.09,30.14,101.65,159.9210934,ON
87,4,59,16.96,30.46,101.65,187.1735424,OFF
81,36,44,16.83,30.78,101.64,169.4168014,OFF
60,15,24,16.64,31.54,101.64,188.6372826,OFF
37,7,41,16.45,32.29,101.64,153.7447398,OFF
48,22,55,16.28,32.88,101.64,167.0576456,OFF
22,5,44,16.11,33.47,101.63,192.2316221,ON
42,43,51,16.15,33.31,101.62,154.8390847,ON
9,3,34,16.19,33.15,101.62,185.25947,ON
13,4,66,16.18,32.76,101.62,192.4931257,OFF
76,45,57,16.17,32.38,101.63,176.5268267,OFF
89,34,39,16.14,32.03,101.63,195.7571622,ON
63,5,33,16.11,31.68,101.63,156.3616174,OFF
14,6,28,16,31.8,101.63,157.1215052,ON
52,6,26,15.88,31.91,101.63,175.1742112,OFF
38,1,70,15.8,32.03,101.63,154.8238864,ON
70,8,52,15.73,32.15,101.63,153.9199807,OFF
9,23,44,15.66,32.32,101.63,169.9288234,ON
65,11,66,15.6,32.48,101.63,176.8604109,ON
68,8,68,15.44,32.76,101.64,176.103677,ON
46,26,48,15.29,33.04,101.64,183.4065252,ON
49,23,49,15.26,33.03,101.64,160.0889553,OFF
76,32,30,15.22,33.02,101.63,171.4892533,OFF
81,37,34,15.12,33.26,101.63,193.1007598,ON
81,22,49,15.02,33.49,101.63,171.4716375,OFF
42,8,27,14.97,33.42,101.63,157.8548562,OFF
53,13,21,14.92,33.34,101.63,190.312216,OFF
48,5,28,14.86,33.3,101.62,152.9801697,OFF
39,5,61,14.81,33.26,101.62,199.3355744,OFF
83,42,70,14.8,32.8,101.62,187.3096148,OFF
43,4,66,14.8,32.34,101.62,180.2513601,OFF
55,32,55,14.81,32.2,101.62,172.6442654,ON
39,5,54,14.82,32.05,101.63,193.7141828,OFF
65,15,46,14.79,32.06,101.63,184.7674863,ON
76,15,27,14.75,32.07,101.64,193.8778713,OFF
49,38,69,14.72,32.08,101.64,150.2355238,OFF
43,33,59,14.62,32.52,101.65,177.5147313,ON
50,34,55,14.51,32.97,101.65,154.6608736,ON
27,0,70,14.45,33.03,101.65,190.7886386,OFF
55,7,26,14.39,33.1,101.65,190.9684885,OFF
50,14,34,14.32,33.29,101.66,159.3223075,ON
67,40,58,14.26,33.48,101.66,191.6549412,ON
83,9,61,14.24,33.16,101.66,144.6861336,OFF
2,24,22,14.23,32.85,101.66,136.7325092,OFF
18,0,33,14.1,32.8,101.66,147.2757818,OFF
29,9,48,13.97,32.74,101.66,122.2103248,OFF
67,45,33,13.97,32.72,101.66,139.3670753,ON
32,35,49,13.97,32.71,101.67,164.4971875,ON
82,22,57,13.93,33.12,101.68,129.8765443,OFF
18,27,36,13.89,33.53,101.68,122.8392822,ON
34,28,27,14.09,33.12,101.68,171.3764462,ON
15,40,57,14.29,32.72,101.69,140.6305213,ON
77,28,62,14.84,31.16,101.7,189.0944824,OFF
73,39,38,15.39,29.59,101.71,165.6872119,OFF
38,1,39,15.95,28.54,101.72,135.1386537,OFF
45,13,55,16.51,27.48,101.72,148.9812525,OFF
53,18,26,17.12,26.61,101.72,135.0119649,OFF
4,40,44,17.74,25.74,101.72,161.8944624,ON
37,9,57,18.44,24.78,101.73,175.7260273,OFF
31,31,54,19.14,23.81,101.74,194.1755471,OFF
73,23,47,19.72,23.13,101.73,124.2261737,OFF
65,12,24,20.29,22.45,101.72,195.7733251,OFF
38,7,28,21.14,21.12,101.74,190.2257843,OFF
74,32,59,22,19.8,101.75,196.2736367,OFF
24,34,53,22.74,18.14,101.76,148.6977358,ON
71,15,52,23.49,16.49,101.76,144.6576424,OFF
23,44,61,24.12,15.16,101.76,180.5059257,OFF
44,30,56,24.75,13.82,101.77,192.4280381,ON
76,11,64,25.1,13.39,101.78,167.4358075,ON
85,39,29,25.44,12.96,101.79,191.3980675,ON
34,4,39,25.9,12.48,101.79,117.3113562,OFF
49,20,70,26.36,11.99,101.79,197.6439711,ON
47,26,22,26.82,11.8,101.78,119.6324109,ON
29,11,47,27.29,11.61,101.78,126.1752206,ON
59,7,49,27.8,11.14,101.79,120.6494434,OFF
29,27,42,28.32,10.68,101.8,191.4508931,ON
40,18,53,28.5,10.64,101.8,117.9389993,OFF
16,15,33,28.67,10.6,101.8,168.2644287,ON
30,30,25,28.82,10.41,101.81,115.1564012,ON
16,32,69,28.96,10.22,101.82,122.6847408,ON
46,29,61,29.16,10.16,101.82,176.9020924,OFF
7,8,56,29.35,10.11,101.83,124.4135035,ON
82,11,21,29.72,9.93,101.84,148.3771202,OFF
4,14,34,30.08,9.74,101.85,181.6368274,ON
1,38,64,30.29,9.44,101.85,153.477776,OFF
77,30,63,30.5,9.15,101.86,193.7461968,OFF
12,11,20,30.44,9,101.85,190.2440566,ON
42,3,56,30.37,8.84,101.85,199.4735636,ON
47,25,41,30.92,8.6,101.84,139.8619431,OFF
27,2,38,31.46,8.36,101.84,133.1120232,OFF
55,42,42,31.46,8.34,101.84,156.1543898,ON
9,40,48,31.47,8.31,101.84,139.5013171,ON
12,16,31,31.78,8.12,101.84,196.6492664,OFF
52,19,29,32.1,7.93,101.84,130.6377143,OFF
21,30,43,32.42,7.73,101.83,130.3797119,ON
51,8,65,32.73,7.54,101.83,192.8736822,ON
30,23,65,32.73,7.42,101.82,177.816092,OFF
90,23,36,32.73,7.31,101.81,161.5279095,OFF
87,14,49,32.68,7.49,101.8,122.4073418,OFF
28,3,59,32.63,7.67,101.79,168.8383605,OFF
1,27,39,32.74,7.55,101.78,184.4103931,ON
77,34,47,32.84,7.43,101.78,177.3176161,ON
61,36,63,32.94,7.31,101.78,152.0616227,OFF
23,44,62,33.05,7.19,101.77,121.5586297,ON
29,6,51,33.42,6.86,101.76,156.1457255,OFF
15,4,21,33.78,6.54,101.74,171.6976946,ON
57,14,59,33.63,6.62,101.72,185.1568059,ON
86,21,28,33.48,6.69,101.71,163.2708732,OFF
42,18,27,33.54,6.92,101.7,175.3723314,OFF
3,7,34,33.6,7.15,101.69,147.8035305,ON
6,26,57,33.2,7,101.68,192.7121236,ON
14,24,42,32.81,6.84,101.68,193.5866233,OFF
6,27,36,32.29,7.31,101.68,115.2325531,OFF
1,4,56,31.76,7.78,101.67,161.3432535,OFF
51,14,50,31.3,7.96,101.66,163.6269496,OFF
14,23,40,30.85,8.15,101.65,129.5481144,ON
39,6,32,30.69,8.27,101.64,192.4288139,ON
39,14,69,30.53,8.39,101.62,136.3027766,ON
51,11,55,30.54,8.35,101.6,162.5769606,OFF
2,12,56,30.55,8.31,101.59,171.8839938,OFF
64,37,47,30.78,8.23,101.58,194.8773479,ON
48,6,43,31.02,8.14,101.58,134.6803969,OFF
31,23,68,31.01,7.78,101.57,158.8608887,ON
1,42,26,31,7.42,101.56,126.8073984,ON
21,16,42,31.1,7.58,101.55,137.7044047,OFF
26,18,70,31.19,7.75,101.54,143.9955548,ON
72,5,48,31.26,7.88,101.54,156.6810374,OFF
59,27,53,31.32,8.02,101.53,145.105065,ON
51,12,33,31.38,7.72,101.52,142.8610793,ON
75,37,26,31.43,7.43,101.51,153.1201644,OFF
4,43,23,31.55,7.35,101.5,186.1728203,ON
30,30,34,31.67,7.27,101.49,141.4831644,ON
28,45,66,31.51,6.96,101.48,181.4170812,ON
16,13,33,31.35,6.64,101.47,188.5506536,OFF
54,1,49,31.38,6.9,101.46,183.468585,OFF
77,6,50,31.4,7.16,101.46,166.2549307,OFF
90,32,28,31.44,7.1,101.46,177.7745075,ON
41,21,48,31.47,7.05,101.45,127.92461,ON
24,37,44,31.48,6.92,101.44,173.3228386,ON
10,15,22,31.48,6.79,101.43,127.1752928,ON
70,21,69,31.44,6.85,101.43,140.9370415,ON
